fold,final_epoch,val_roc_auc,val_accuracy,val_optimal_accuracy,val_optimal_f1,val_optimal_threshold,val_bce_loss
0,300,0.7482638888888888,0.5,0.7083333333333334,0.6666666666666666,0.5251328945159912,0.6872555760407068
1,300,0.9097222222222222,0.7916666666666666,0.8333333333333334,0.8181818181818182,0.50250244140625,0.6879967265793946
2,300,0.8836805555555556,0.7916666666666666,0.8333333333333334,0.8333333333333334,0.5062176585197449,0.674674301749476
3,300,0.7971014492753623,0.5106382978723404,0.7446808510638298,0.7777777777777778,0.5124866962432861,0.687364973975012
4,300,0.8822463768115942,0.7872340425531915,0.8297872340425532,0.8461538461538461,0.49613961577415466,0.6772016557786229
