{
  "accuracy": 0.7689075630252101,
  "balanced_accuracy": 0.76890756302521,
  "bce_loss": 0.6384723782539368,
  "benign_log_loss": 0.646672936167429,
  "benign_mean_score": 0.4743124842643738,
  "brier_score": 0.2228704843271933,
  "candidate": "cnn_small_hls_opt_img256",
  "confusion_matrix": [
    [
      87,
      32
    ],
    [
      23,
      96
    ]
  ],
  "ece": 0.22569334425595627,
  "f1": 0.7773279352226721,
  "folds": [
    0,
    1,
    2,
    3,
    4
  ],
  "log_loss": 0.6384723336433561,
  "mcc": 0.5393598899705937,
  "optimal_accuracy": 0.7773109243697479,
  "optimal_f1": 0.7763713080168776,
  "optimal_threshold": 0.5064541101455688,
  "pr_auc": 0.8161783328088895,
  "precision": 0.75,
  "recall": 0.8067226890756303,
  "roc_auc": 0.8353929807217004,
  "stage": "qat",
  "standalone_log_loss": 0.630271731119283,
  "standalone_mean_score": 0.534083366394043
}