fold,final_epoch,val_roc_auc,val_accuracy,val_optimal_accuracy,val_optimal_f1,val_optimal_threshold,val_bce_loss
0,300,0.8098958333333333,0.6458333333333334,0.75,0.75,0.5380124449729919,0.6529202543171868
1,300,0.9496527777777778,0.875,0.875,0.8695652173913043,0.5898345112800598,0.5054258802892048
2,300,0.9071180555555556,0.5833333333333334,0.875,0.88,0.4474602937698364,0.6564881789012581
3,300,0.9438405797101449,0.851063829787234,0.9148936170212766,0.9130434782608695,0.48730742931365967,0.5824528376146265
4,300,0.9121376811594203,0.6808510638297872,0.8723404255319149,0.875,0.4407099485397339,0.5997727500436872
