layer,class,n_weights,n_nonzero_weights,zero_fraction,min,max,suggested_hls_strategy
conv0,QConv2D,200,200,0.0,-0.3504279553890228,0.3624880313873291,Latency
conv1,QConv2D,1152,1152,0.0,-0.24919116497039795,0.24470928311347961,Latency
conv2,QConv2D,3456,3456,0.0,-0.20350244641304016,0.19550929963588715,Latency
conv3,QConv2D,5184,5184,0.0,-0.19217652082443237,0.21714673936367035,Resource
conv4,QConv2D,6912,6912,0.0,-0.16216686367988586,0.16121764481067657,Resource
output_dense,QDense,32,32,0.0,-0.3027069866657257,0.29792240262031555,Latency
