fold,final_epoch,val_roc_auc,val_accuracy,val_optimal_accuracy,val_optimal_f1,val_optimal_threshold,val_bce_loss
0,300,0.9010416666666666,0.8333333333333334,0.8541666666666666,0.8627450980392157,0.5083804130554199,0.6264529697329423
1,300,0.9253472222222223,0.7916666666666666,0.875,0.8636363636363636,0.4815625846385956,0.6173477408412616
2,300,0.9149305555555556,0.875,0.8958333333333334,0.8888888888888888,0.5148910284042358,0.5895180659827886
3,300,0.9003623188405797,0.8297872340425532,0.8723404255319149,0.8636363636363636,0.5179796814918518,0.619815163260446
4,300,0.9329710144927537,0.8723404255319149,0.8723404255319149,0.8636363636363636,0.5186461806297302,0.6023617282743211
