layer,class,n_weights,n_nonzero_weights,zero_fraction,min,max,suggested_hls_strategy
conv0,Conv2D,200,200,0.0,-0.32447147369384766,0.40808185935020447,Latency
conv1,Conv2D,1152,1152,0.0,-0.2669970691204071,0.3092922866344452,Latency
conv2,Conv2D,3456,3456,0.0,-0.30493417382240295,0.22194693982601166,Latency
output_dense,Dense,24,24,0.0,-0.3376869559288025,0.3494270443916321,Latency
