{
  "accuracy": 0.48739495798319327,
  "balanced_accuracy": 0.48739495798319327,
  "bce_loss": 0.6937990784645081,
  "benign_log_loss": 0.6884803909235587,
  "benign_mean_score": 0.4974193871021271,
  "brier_score": 0.25032693168162057,
  "candidate": "cnn_small_hls_opt_img64",
  "confusion_matrix": [
    [
      3,
      116
    ],
    [
      6,
      113
    ]
  ],
  "ece": 0.01735306074138449,
  "f1": 0.6494252873563219,
  "folds": [
    0,
    1,
    2,
    3,
    4
  ],
  "log_loss": 0.6937989761155319,
  "mcc": -0.06608186004550898,
  "optimal_accuracy": 0.5084033613445378,
  "optimal_f1": 0.03305785123966942,
  "optimal_threshold": 0.562176525592804,
  "pr_auc": 0.5023828912778527,
  "precision": 0.49344978165938863,
  "recall": 0.9495798319327731,
  "roc_auc": 0.4959042440505614,
  "stage": "qat",
  "standalone_log_loss": 0.6991175613075054,
  "standalone_mean_score": 0.49740344285964966
}