{
  "accuracy": 0.680672268907563,
  "balanced_accuracy": 0.680672268907563,
  "bce_loss": 0.6843281984329224,
  "benign_log_loss": 0.697827046997206,
  "benign_mean_score": 0.502282977104187,
  "brier_score": 0.24559252697280268,
  "candidate": "cnn_small_hls_opt_img128",
  "confusion_matrix": [
    [
      49,
      70
    ],
    [
      6,
      113
    ]
  ],
  "ece": 0.17191901633969878,
  "f1": 0.7483443708609272,
  "folds": [
    0,
    1,
    2,
    3,
    4
  ],
  "log_loss": 0.6843282191472786,
  "mcc": 0.42860927611842936,
  "optimal_accuracy": 0.7394957983193278,
  "optimal_f1": 0.7102803738317757,
  "optimal_threshold": 0.508924126625061,
  "pr_auc": 0.8030226512798134,
  "precision": 0.6174863387978142,
  "recall": 0.9495798319327731,
  "roc_auc": 0.8006496716333592,
  "stage": "qat",
  "standalone_log_loss": 0.6708293912973512,
  "standalone_mean_score": 0.5113431811332703
}