fold,final_epoch,val_roc_auc,val_accuracy,val_optimal_accuracy,val_optimal_f1,val_optimal_threshold,val_bce_loss
0,300,0.7534722222222223,0.7291666666666666,0.7291666666666666,0.6976744186046512,0.501922607421875,0.6532175131433685
1,300,0.8385416666666667,0.7916666666666666,0.8125,0.7692307692307693,0.48102718591690063,0.5851100282662282
2,300,0.8541666666666666,0.7708333333333334,0.7916666666666666,0.782608695652174,0.5585076212882996,0.5314897369471397
3,300,0.7264492753623188,0.574468085106383,0.723404255319149,0.7796610169491526,0.32193946838378906,0.6386939980146311
4,300,0.8405797101449276,0.7659574468085106,0.7872340425531915,0.7916666666666666,0.4830082654953003,0.5410152718800839
