layer,class,n_weights,n_nonzero_weights,zero_fraction,min,max,suggested_hls_strategy
conv0,QConv2D,200,200,0.0,-0.35812050104141235,0.3832957446575165,Latency
conv1,QConv2D,1152,1152,0.0,-0.28087157011032104,0.3468792736530304,Latency
conv2,QConv2D,3456,3456,0.0,-0.2442093938589096,0.2780241370201111,Latency
conv3,QConv2D,5184,5184,0.0,-0.2083282768726349,0.22339153289794922,Resource
output_dense,QDense,24,24,0.0,-0.3807496130466461,0.34837597608566284,Latency
