fold,n,original_accuracy,hls_accuracy,accuracy_delta_hls_minus_original,original_balanced_accuracy,hls_balanced_accuracy,original_pr_auc,hls_pr_auc,original_bce_loss,hls_bce_loss,logit_mae,logit_max_abs,sign_mismatches
0,48,0.916666667,0.916666667,0.000000000,0.916666667,0.916666667,0.990499914,0.991822665,0.209310889,0.205721796,0.147949219,0.385009766,0
1,48,0.937500000,0.937500000,0.000000000,0.937500000,0.937500000,0.982777969,0.980326989,0.217632636,0.220812455,0.135365804,0.421875000,0
2,48,0.916666667,0.916666667,0.000000000,0.916666667,0.916666667,0.986010536,0.982642238,0.170329645,0.180975035,0.141209920,0.372070312,0
3,47,0.829787234,0.829787234,0.000000000,0.826086957,0.826086957,0.994631380,0.994321762,0.290338516,0.290678769,0.155247465,0.500000000,0
4,47,0.936170213,0.914893617,-0.021276596,0.937500000,0.916666667,0.991822665,0.989928726,0.188344061,0.174748182,0.154774767,0.395996094,1
pooled,238,0.907563025,0.903361345,-0.004201681,0.907563025,0.903361345,0.975660564,0.975226723,0.214988217,0.214434922,0.146841354,0.500000000,1
