{
  "accuracy": 0.7142857142857143,
  "balanced_accuracy": 0.7142857142857143,
  "bce_loss": 0.5600873231887817,
  "benign_log_loss": 0.6251994014224095,
  "benign_mean_score": 0.4488407075405121,
  "brier_score": 0.18898371774269962,
  "candidate": "cnn_small_hls_opt_img256",
  "confusion_matrix": [
    [
      64,
      55
    ],
    [
      13,
      106
    ]
  ],
  "ece": 0.1631721657614748,
  "f1": 0.7571428571428571,
  "folds": [
    0,
    1,
    2,
    3,
    4
  ],
  "log_loss": 0.5600873529261593,
  "mcc": 0.45804893266512153,
  "optimal_accuracy": 0.7521008403361344,
  "optimal_f1": 0.7035175879396985,
  "optimal_threshold": 0.6001883745193481,
  "pr_auc": 0.8499802971872811,
  "precision": 0.6583850931677019,
  "recall": 0.8907563025210085,
  "roc_auc": 0.8291081138337688,
  "stage": "qat",
  "standalone_log_loss": 0.4949753044299093,
  "standalone_mean_score": 0.6271411776542664
}