{
  "accuracy": 0.6218487394957983,
  "balanced_accuracy": 0.6218487394957983,
  "bce_loss": 0.6743525862693787,
  "benign_log_loss": 0.690828481117625,
  "benign_mean_score": 0.49647748470306396,
  "brier_score": 0.24065809016740425,
  "candidate": "cnn_small_hls_opt_img128",
  "confusion_matrix": [
    [
      73,
      46
    ],
    [
      44,
      75
    ]
  ],
  "ece": 0.09451496551016798,
  "f1": 0.625,
  "folds": [
    0,
    1,
    2,
    3,
    4
  ],
  "log_loss": 0.6743525966576434,
  "mcc": 0.24373190440199463,
  "optimal_accuracy": 0.634453781512605,
  "optimal_f1": 0.6561264822134387,
  "optimal_threshold": 0.4941408932209015,
  "pr_auc": 0.6155552969038849,
  "precision": 0.6198347107438017,
  "recall": 0.6302521008403361,
  "roc_auc": 0.6455052609279005,
  "stage": "qat",
  "standalone_log_loss": 0.6578767121976622,
  "standalone_mean_score": 0.519990861415863
}