{
  "accuracy": 0.7941176470588235,
  "balanced_accuracy": 0.7941176470588236,
  "bce_loss": 0.6185928583145142,
  "benign_log_loss": 0.6382279152355487,
  "benign_mean_score": 0.46984854340553284,
  "brier_score": 0.21312658433533035,
  "candidate": "cnn_small_hls_opt_img256",
  "confusion_matrix": [
    [
      88,
      31
    ],
    [
      18,
      101
    ]
  ],
  "ece": 0.24310443331213558,
  "f1": 0.8047808764940239,
  "folds": [
    0,
    1,
    2,
    3,
    4
  ],
  "log_loss": 0.6185927796366245,
  "mcc": 0.5917770816372139,
  "optimal_accuracy": 0.8361344537815126,
  "optimal_f1": 0.8281938325991189,
  "optimal_threshold": 0.5199512243270874,
  "pr_auc": 0.9026123786073454,
  "precision": 0.7651515151515151,
  "recall": 0.8487394957983193,
  "roc_auc": 0.8929454134595014,
  "stage": "qat",
  "standalone_log_loss": 0.5989576440377002,
  "standalone_mean_score": 0.5514320731163025
}