fold,final_epoch,val_roc_auc,val_accuracy,val_optimal_accuracy,val_optimal_f1,val_optimal_threshold,val_bce_loss
0,300,0.8090277777777777,0.5208333333333334,0.8125,0.8163265306122449,0.5389832258224487,0.6754657520367275
1,300,0.8350694444444444,0.7708333333333334,0.7916666666666666,0.8,0.4882223904132843,0.6647662403757447
2,300,0.8446180555555556,0.7708333333333334,0.7916666666666666,0.7727272727272727,0.5586881637573242,0.6203370023059532
3,300,0.7717391304347826,0.6170212765957447,0.7872340425531915,0.8076923076923077,0.4816976487636566,0.6685271628799406
4,300,0.8749999999999999,0.7659574468085106,0.8297872340425532,0.8095238095238095,0.4859656095504761,0.6337935362806578
