layer,class,n_weights,n_nonzero_weights,zero_fraction,min,max,suggested_hls_strategy
conv0,QConv2D,200,200,0.0,-0.36106106638908386,0.40924766659736633,Latency
conv1,QConv2D,1152,1152,0.0,-0.2784174680709839,0.3085499405860901,Latency
conv2,QConv2D,3456,3456,0.0,-0.21088646352291107,0.20463469624519348,Latency
output_dense,QDense,24,24,0.0,-0.31176239252090454,0.3369338810443878,Latency
