fold,final_epoch,val_roc_auc,val_accuracy,val_optimal_accuracy,val_optimal_f1,val_optimal_threshold,val_bce_loss
0,300,0.9618055555555556,0.8958333333333334,0.9166666666666666,0.92,0.49511733651161194,0.6107318860993267
1,300,0.9184027777777778,0.5,0.8958333333333334,0.9019607843137255,0.39280256628990173,0.6760764879647748
2,300,0.9392361111111112,0.7291666666666666,0.8958333333333334,0.8936170212765957,0.5234203338623047,0.6593233203046801
3,300,0.9157608695652174,0.6808510638297872,0.8936170212765957,0.8837209302325582,0.5515737533569336,0.6361982624086934
4,300,0.8967391304347826,0.7446808510638298,0.8085106382978723,0.7906976744186046,0.47852882742881775,0.6338875002623011
