layer,class,n_weights,n_nonzero_weights,zero_fraction,min,max,suggested_hls_strategy
conv0,QConv2D,200,200,0.0,-0.3483198583126068,0.40261080861091614,Latency
conv1,QConv2D,1152,1152,0.0,-0.3161868453025818,0.33215004205703735,Latency
conv2,QConv2D,3456,3456,0.0,-0.23169183731079102,0.27458488941192627,Latency
conv3,QConv2D,5184,5184,0.0,-0.48083415627479553,0.5075517892837524,Resource
conv4,QConv2D,6912,6912,0.0,-0.5182421207427979,0.4826158583164215,Resource
output_dense,QDense,32,32,0.0,-0.3143097162246704,0.3069295883178711,Latency
