fold,final_epoch,val_roc_auc,val_accuracy,val_optimal_accuracy,val_optimal_f1,val_optimal_threshold,val_bce_loss
0,300,0.868923611111111,0.5,0.7916666666666666,0.7619047619047619,0.5327897667884827,0.6876399909022535
1,300,0.861111111111111,0.6041666666666666,0.7916666666666666,0.782608695652174,0.5030516982078552,0.6902712607177276
2,300,0.9157986111111112,0.625,0.8333333333333334,0.8333333333333334,0.492584764957428,0.6852150526104815
3,300,0.9021739130434783,0.8723404255319149,0.8723404255319149,0.8571428571428571,0.498626708984375,0.6851153325186619
4,300,0.9202898550724637,0.851063829787234,0.8723404255319149,0.8636363636363636,0.5003662109375,0.6878858366729553
