fold,final_epoch,val_roc_auc,val_accuracy,val_optimal_accuracy,val_optimal_f1,val_optimal_threshold,val_bce_loss
0,300,0.743923611111111,0.6875,0.7708333333333334,0.7843137254901961,0.49218812584877014,0.6569129543005013
1,300,0.670138888888889,0.5833333333333334,0.6458333333333334,0.6792452830188679,0.4668456017971039,0.6849229364620993
2,300,0.6189236111111112,0.6041666666666666,0.6666666666666666,0.7142857142857143,0.4941408932209015,0.6859667628404372
3,300,0.6847826086956522,0.6382978723404256,0.7021276595744681,0.65,0.5214711427688599,0.6717124622400812
4,300,0.7101449275362319,0.5957446808510638,0.7446808510638298,0.7857142857142857,0.562176525592804,0.6721468979644455
