layer,class,n_weights,n_nonzero_weights,zero_fraction,min,max,suggested_hls_strategy
conv0,QConv2D,200,200,0.0,-0.35897189378738403,0.3451373875141144,Latency
conv1,QConv2D,1152,1152,0.0,-0.3443823754787445,0.30246788263320923,Latency
conv2,QConv2D,3456,3456,0.0,-0.2312273532152176,0.24220924079418182,Latency
conv3,QConv2D,5184,5184,0.0,-0.5101457834243774,0.466745525598526,Resource
output_dense,QDense,24,24,0.0,-0.3481917679309845,0.35073527693748474,Latency
