fold,final_epoch,val_roc_auc,val_accuracy,val_optimal_accuracy,val_optimal_f1,val_optimal_threshold,val_bce_loss
0,300,0.9583333333333334,0.8958333333333334,0.9166666666666666,0.9130434782608695,0.4319615960121155,0.30250227664754276
1,300,0.9809027777777778,0.9375,0.9375,0.9387755102040817,0.5442718267440796,0.22863310544889695
2,300,0.9670138888888888,0.9166666666666666,0.9166666666666666,0.92,0.5838189721107483,0.2458610046086538
3,300,0.9855072463768115,0.9148936170212766,0.9361702127659575,0.9361702127659575,0.3800677955150604,0.24520403597106313
4,300,0.9692028985507246,0.8936170212765957,0.9361702127659575,0.9387755102040817,0.47264885902404785,0.2606714240175154
