layer,class,n_weights,n_nonzero_weights,zero_fraction,min,max,suggested_hls_strategy
conv0,Conv2D,200,200,0.0,-0.3748767077922821,0.40163666009902954,Latency
conv1,Conv2D,1152,1152,0.0,-0.34579187631607056,0.32198241353034973,Latency
conv2,Conv2D,3456,3456,0.0,-0.2890501320362091,0.3246047794818878,Latency
conv3,Conv2D,5184,5184,0.0,-0.24452747404575348,0.21694572269916534,Resource
conv4,Conv2D,6912,6912,0.0,-0.18777751922607422,0.2196483016014099,Resource
output_dense,Dense,32,32,0.0,-0.3492371737957001,0.39236676692962646,Latency
