transform,n,mean_diff,min_diff,max_diff,mae,pearson_corr,hw_mean,hls_mean
A_identity,48,21.1816406250625,17.1806640625,25.048828125,21.1816406250625,0.758923462130997,20.327107747395832,-0.8545328776666666
B_reverse_lanes,48,21.446451822979167,17.031250000500002,28.6484375,21.446451822979167,0.7307213512343568,20.5919189453125,-0.8545328776666666
C_byteswap,48,-11.959309895770835,-24.46875,-8.8124999995,11.959309895770835,0.14483972809944382,-12.8138427734375,-0.8545328776666666
D_lanes_byteswap,48,-11.6662597655625,-15.0009765625,-8.8496093745,11.6662597655625,0.07187176875474938,-12.520792643229166,-0.8545328776666666
E_full_bitreversal,48,-11.651570637958335,-14.9609375,-8.8417968745,11.651570637958335,0.02700339534476113,-12.506103515625,-0.8545328776666666
F_rev_64b_subwords,48,20.595499674541667,-21.927734375,25.9462890625,21.5091552735,0.44566909988799547,19.740966796875,-0.8545328776666666
G_rev_128b_subwords,48,21.63262939459375,17.2998046875,25.287109375500002,21.63262939459375,0.7425923703621233,20.778096516927082,-0.8545328776666666
H_bitrev_each_lane,48,-11.9562988280625,-24.5517578125,-8.8632812495,11.9562988280625,0.14906192010032393,-12.810831705729166,-0.8545328776666666
