fold,final_epoch,val_roc_auc,val_accuracy,val_optimal_accuracy,val_optimal_f1,val_optimal_threshold,val_bce_loss
0,300,0.8784722222222222,0.6666666666666666,0.8541666666666666,0.851063829787234,0.5293850302696228,0.6539331068370777
1,300,0.84375,0.7291666666666666,0.7708333333333334,0.717948717948718,0.5468591451644897,0.5769910340900352
2,300,0.859375,0.7291666666666666,0.7916666666666666,0.8076923076923077,0.4590761363506317,0.5544621852830073
3,300,0.894927536231884,0.8085106382978723,0.8297872340425532,0.8095238095238095,0.45338284969329834,0.5442349591723691
4,300,0.9184782608695652,0.8297872340425532,0.851063829787234,0.8571428571428571,0.5240293145179749,0.606402384429228
