layer,class,n_weights,n_nonzero_weights,zero_fraction,min,max,suggested_hls_strategy
conv0,QConv2D,200,200,0.0,-0.35196176171302795,0.40857481956481934,Latency
conv1,QConv2D,1152,1152,0.0,-0.27618470788002014,0.2861790359020233,Latency
conv2,QConv2D,3456,3456,0.0,-0.23773586750030518,0.24683384597301483,Latency
conv3,QConv2D,5184,5184,0.0,-0.18857818841934204,0.17312605679035187,Resource
output_dense,QDense,24,24,0.0,-0.36948925256729126,0.387760728597641,Latency
