fold,final_epoch,val_roc_auc,val_accuracy,val_optimal_accuracy,val_optimal_f1,val_optimal_threshold,val_bce_loss
0,300,1.0,0.9791666666666666,1.0,1.0,0.29746755957603455,0.1138374304645317
1,300,0.9947916666666666,0.9375,0.9583333333333334,0.9583333333333334,0.6568474769592285,0.13472475434626532
2,300,0.9965277777777778,0.9375,0.9791666666666666,0.9795918367346939,0.3715382516384125,0.0960789943842713
3,300,0.9927536231884058,0.9787234042553191,0.9787234042553191,0.9777777777777777,0.5189756751060486,0.21093708262930042
4,300,0.9981884057971014,0.9361702127659575,0.9787234042553191,0.9787234042553191,0.467457115650177,0.16767750156041553
