layer,class,n_weights,n_nonzero_weights,zero_fraction,min,max,suggested_hls_strategy
conv0,QConv2D,200,200,0.0,-0.32298848032951355,0.3932360112667084,Latency
conv1,QConv2D,1152,1152,0.0,-0.2587890028953552,0.30271628499031067,Latency
conv2,QConv2D,3456,3456,0.0,-0.2521907687187195,0.25374636054039,Latency
conv3,QConv2D,5184,5184,0.0,-0.17193929851055145,0.21178969740867615,Resource
conv4,QConv2D,6912,6912,0.0,-0.2076709270477295,0.20957031846046448,Resource
output_dense,QDense,32,32,0.0,-0.3540901839733124,0.3855193853378296,Latency
