{
  "accuracy": 0.726890756302521,
  "balanced_accuracy": 0.726890756302521,
  "bce_loss": 0.5899056792259216,
  "benign_log_loss": 0.5429614698406519,
  "benign_mean_score": 0.40451109409332275,
  "brier_score": 0.20144115971673857,
  "candidate": "cnn_small_hls_opt_img64",
  "confusion_matrix": [
    [
      98,
      21
    ],
    [
      44,
      75
    ]
  ],
  "ece": 0.10361725996647562,
  "f1": 0.6976744186046512,
  "folds": [
    0,
    1,
    2,
    3,
    4
  ],
  "log_loss": 0.5899057365971668,
  "mcc": 0.4625023791335839,
  "optimal_accuracy": 0.7352941176470589,
  "optimal_f1": 0.7248908296943232,
  "optimal_threshold": 0.47816330194473267,
  "pr_auc": 0.7816583543636603,
  "precision": 0.78125,
  "recall": 0.6302521008403361,
  "roc_auc": 0.778617329284655,
  "stage": "qat",
  "standalone_log_loss": 0.6368500033536817,
  "standalone_mean_score": 0.5484098792076111
}