{
  "accuracy": 0.6890756302521008,
  "balanced_accuracy": 0.6890756302521008,
  "bce_loss": 0.6872316002845764,
  "benign_log_loss": 0.6969907089932592,
  "benign_mean_score": 0.5017081499099731,
  "brier_score": 0.24704524171395023,
  "candidate": "cnn_small_hls_opt_img128",
  "confusion_matrix": [
    [
      74,
      45
    ],
    [
      29,
      90
    ]
  ],
  "ece": 0.17876600467858195,
  "f1": 0.7086614173228346,
  "folds": [
    0,
    1,
    2,
    3,
    4
  ],
  "log_loss": 0.6872315846121017,
  "mcc": 0.38161638848608825,
  "optimal_accuracy": 0.6974789915966386,
  "optimal_f1": 0.7,
  "optimal_threshold": 0.50103759765625,
  "pr_auc": 0.6846062936123036,
  "precision": 0.6666666666666666,
  "recall": 0.7563025210084033,
  "roc_auc": 0.7078243061930654,
  "stage": "qat",
  "standalone_log_loss": 0.6774724602309443,
  "standalone_mean_score": 0.5081033706665039
}