{
  "accuracy": 0.6974789915966386,
  "balanced_accuracy": 0.6974789915966386,
  "bce_loss": 0.6842359900474548,
  "benign_log_loss": 0.6945171646702324,
  "benign_mean_score": 0.5006533861160278,
  "brier_score": 0.24554572155217233,
  "candidate": "cnn_small_hls_opt_img128",
  "confusion_matrix": [
    [
      51,
      68
    ],
    [
      4,
      115
    ]
  ],
  "ece": 0.1903361947659184,
  "f1": 0.7615894039735099,
  "folds": [
    0,
    1,
    2,
    3,
    4
  ],
  "log_loss": 0.684235934680838,
  "mcc": 0.46847990645502746,
  "optimal_accuracy": 0.7857142857142857,
  "optimal_f1": 0.7935222672064778,
  "optimal_threshold": 0.5043681263923645,
  "pr_auc": 0.8734026193730124,
  "precision": 0.6284153005464481,
  "recall": 0.9663865546218487,
  "roc_auc": 0.8643810465362616,
  "stage": "float",
  "standalone_log_loss": 0.6739547046914435,
  "standalone_mean_score": 0.5097271800041199
}