fold,final_epoch,val_roc_auc,val_accuracy,val_optimal_accuracy,val_optimal_f1,val_optimal_threshold,val_bce_loss
0,300,0.6710069444444444,0.6041666666666666,0.6458333333333334,0.7017543859649122,0.49609383940696716,0.6835255404958523
1,300,0.8246527777777778,0.6875,0.7708333333333334,0.717948717948718,0.49511733651161194,0.676014307902245
2,300,0.6484375000000001,0.5416666666666666,0.6458333333333334,0.6530612244897959,0.4804786741733551,0.6860028721151755
3,300,0.7210144927536232,0.5957446808510638,0.7021276595744681,0.72,0.49121183156967163,0.6748982008349862
4,300,0.8170289855072463,0.7021276595744681,0.7446808510638298,0.6666666666666666,0.5195212960243225,0.664243747257935
