{
  "accuracy": 0.7142857142857143,
  "balanced_accuracy": 0.7142857142857143,
  "bce_loss": 0.5585402846336365,
  "benign_log_loss": 0.5806810175685969,
  "benign_mean_score": 0.4137752056121826,
  "brier_score": 0.18940552745322295,
  "candidate": "cnn_small_hls_opt_img64",
  "confusion_matrix": [
    [
      80,
      39
    ],
    [
      29,
      90
    ]
  ],
  "ece": 0.054622589633995744,
  "f1": 0.7258064516129032,
  "folds": [
    0,
    1,
    2,
    3,
    4
  ],
  "log_loss": 0.5585403017626582,
  "mcc": 0.4300927006719888,
  "optimal_accuracy": 0.7436974789915967,
  "optimal_f1": 0.7288888888888889,
  "optimal_threshold": 0.5365557670593262,
  "pr_auc": 0.8058115771041542,
  "precision": 0.6976744186046512,
  "recall": 0.7563025210084033,
  "roc_auc": 0.7966951486476944,
  "stage": "qat",
  "standalone_log_loss": 0.5363995859567193,
  "standalone_mean_score": 0.6149888038635254
}