{
  "accuracy": 0.7983193277310925,
  "balanced_accuracy": 0.7983193277310925,
  "bce_loss": 0.4716227352619171,
  "benign_log_loss": 0.3761978611714295,
  "benign_mean_score": 0.3005485236644745,
  "brier_score": 0.15229593958443005,
  "candidate": "cnn_small_hls_opt_img1024",
  "confusion_matrix": [
    [
      114,
      5
    ],
    [
      43,
      76
    ]
  ],
  "ece": 0.15638210001487693,
  "f1": 0.76,
  "folds": [
    0,
    1,
    2,
    3,
    4
  ],
  "log_loss": 0.4716227071753597,
  "mcc": 0.6296018755244575,
  "optimal_accuracy": 0.8445378151260504,
  "optimal_f1": 0.852589641434263,
  "optimal_threshold": 0.38439205288887024,
  "pr_auc": 0.9133761989074642,
  "precision": 0.9382716049382716,
  "recall": 0.6386554621848739,
  "roc_auc": 0.9082338817880093,
  "stage": "qat",
  "standalone_log_loss": 0.5670475531792897,
  "standalone_mean_score": 0.6035137176513672
}