{
  "accuracy": 0.5,
  "balanced_accuracy": 0.5,
  "bce_loss": 0.6895430088043213,
  "benign_log_loss": 0.6764959402678594,
  "benign_mean_score": 0.49060729146003723,
  "brier_score": 0.2482080230417785,
  "candidate": "cnn_small_hls_opt_img128",
  "confusion_matrix": [
    [
      47,
      72
    ],
    [
      47,
      72
    ]
  ],
  "ece": 0.025353615774827844,
  "f1": 0.5475285171102662,
  "folds": [
    0,
    1,
    2,
    3,
    4
  ],
  "log_loss": 0.6895430518148395,
  "mcc": 0.0,
  "optimal_accuracy": 0.5966386554621849,
  "optimal_f1": 0.5714285714285714,
  "optimal_threshold": 0.5115945935249329,
  "pr_auc": 0.6262405537662891,
  "precision": 0.5,
  "recall": 0.6050420168067226,
  "roc_auc": 0.6019701998446436,
  "stage": "qat",
  "standalone_log_loss": 0.7025901633618199,
  "standalone_mean_score": 0.49631014466285706
}