{
  "accuracy": 0.9117647058823529,
  "balanced_accuracy": 0.9117647058823529,
  "bce_loss": 0.3841759264469147,
  "benign_log_loss": 0.40571205326881304,
  "benign_mean_score": 0.320574551820755,
  "brier_score": 0.112111200106759,
  "candidate": "cnn_small_hls_opt_img512",
  "confusion_matrix": [
    [
      109,
      10
    ],
    [
      11,
      108
    ]
  ],
  "ece": 0.20618698614485123,
  "f1": 0.9113924050632911,
  "folds": [
    0,
    1,
    2,
    3,
    4
  ],
  "log_loss": 0.3841759086751265,
  "mcc": 0.8235584906796976,
  "optimal_accuracy": 0.9201680672268907,
  "optimal_f1": 0.9205020920502092,
  "optimal_threshold": 0.495190292596817,
  "pr_auc": 0.9744674245909798,
  "precision": 0.9152542372881356,
  "recall": 0.907563025210084,
  "roc_auc": 0.974578066520726,
  "stage": "qat",
  "standalone_log_loss": 0.36263976408144,
  "standalone_mean_score": 0.7129313349723816
}