fold,final_epoch,val_roc_auc,val_accuracy,val_optimal_accuracy,val_optimal_f1,val_optimal_threshold,val_bce_loss
0,300,0.9965277777777778,0.9791666666666666,0.9791666666666666,0.9795918367346939,0.7688199877738953,0.12191067687590369
1,300,0.998263888888889,0.9791666666666666,0.9791666666666666,0.9787234042553191,0.9739375114440918,0.10374612186358079
2,300,1.0,0.9791666666666666,1.0,1.0,0.38029855489730835,0.08305238164399804
3,300,0.9927536231884059,0.9574468085106383,0.9787234042553191,0.9787234042553191,0.4591367542743683,0.11330630679614781
4,300,0.9963768115942029,0.9787234042553191,0.9787234042553191,0.9795918367346939,0.7540104389190674,0.11552036134445759
