layer,class,n_weights,n_nonzero_weights,zero_fraction,min,max,suggested_hls_strategy
conv0,QConv2D,200,100,0.5,-0.37006887793540955,0.35831621289253235,Latency
conv1,QConv2D,1152,576,0.5,-0.20181486010551453,0.36781010031700134,Latency
conv2,QConv2D,3456,1728,0.5,-0.17460332810878754,0.22973553836345673,Latency
conv3,QConv2D,5184,2592,0.5,-0.18535800278186798,0.21906642615795135,Latency
conv4,QConv2D,6912,3456,0.5,-0.220906600356102,0.22077210247516632,Latency
conv5,QConv2D,9216,4608,0.5,-0.17655900120735168,0.19876019656658173,Resource
conv6,QConv2D,9216,4608,0.5,-0.16347533464431763,0.17193551361560822,Resource
output_dense,QDense,32,32,0.0,-0.3310717046260834,0.3530026078224182,Latency
