{
  "accuracy": 0.9159663865546218,
  "balanced_accuracy": 0.9159663865546218,
  "bce_loss": 0.28944870829582214,
  "benign_log_loss": 0.21393353925165262,
  "benign_mean_score": 0.1740894913673401,
  "brier_score": 0.08124931667458014,
  "candidate": "cnn_small_hls_opt_img256",
  "confusion_matrix": [
    [
      117,
      2
    ],
    [
      18,
      101
    ]
  ],
  "ece": 0.1357145793735981,
  "f1": 0.9099099099099099,
  "folds": [
    0,
    1,
    2,
    3,
    4
  ],
  "log_loss": 0.2894487412664459,
  "mcc": 0.8395560546693942,
  "optimal_accuracy": 0.9453781512605042,
  "optimal_f1": 0.9465020576131687,
  "optimal_threshold": 0.34775859117507935,
  "pr_auc": 0.9732733472642009,
  "precision": 0.9805825242718447,
  "recall": 0.8487394957983193,
  "roc_auc": 0.9727067297507238,
  "stage": "qat",
  "standalone_log_loss": 0.3649639432812392,
  "standalone_mean_score": 0.7388260960578918
}