{
  "accuracy": 0.7394957983193278,
  "balanced_accuracy": 0.7394957983193278,
  "bce_loss": 0.6732990741729736,
  "benign_log_loss": 0.6846921562842252,
  "benign_mean_score": 0.495618999004364,
  "brier_score": 0.2400891876750268,
  "candidate": "cnn_small_hls_opt_img512",
  "confusion_matrix": [
    [
      61,
      58
    ],
    [
      4,
      115
    ]
  ],
  "ece": 0.226447777572174,
  "f1": 0.7876712328767124,
  "folds": [
    0,
    1,
    2,
    3,
    4
  ],
  "log_loss": 0.673299083122085,
  "mcc": 0.5375206160026187,
  "optimal_accuracy": 0.8445378151260504,
  "optimal_f1": 0.8502024291497976,
  "optimal_threshold": 0.5044220685958862,
  "pr_auc": 0.9122040912892622,
  "precision": 0.6647398843930635,
  "recall": 0.9663865546218487,
  "roc_auc": 0.9043852835251748,
  "stage": "pruned_qat",
  "standalone_log_loss": 0.6619060099599446,
  "standalone_mean_score": 0.5160643458366394
}