{
  "accuracy": 0.8865546218487395,
  "balanced_accuracy": 0.8865546218487395,
  "bce_loss": 0.3797612190246582,
  "benign_log_loss": 0.37201338307649806,
  "benign_mean_score": 0.29085129499435425,
  "brier_score": 0.11257926795253774,
  "candidate": "cnn_small_hls_opt_img256",
  "confusion_matrix": [
    [
      110,
      9
    ],
    [
      18,
      101
    ]
  ],
  "ece": 0.15532556520540175,
  "f1": 0.8820960698689956,
  "folds": [
    0,
    1,
    2,
    3,
    4
  ],
  "log_loss": 0.37976122448391436,
  "mcc": 0.7753298418327284,
  "optimal_accuracy": 0.8949579831932774,
  "optimal_f1": 0.8888888888888888,
  "optimal_threshold": 0.5491117835044861,
  "pr_auc": 0.9514492414032435,
  "precision": 0.9181818181818182,
  "recall": 0.8487394957983193,
  "roc_auc": 0.9504978461973025,
  "stage": "pruned_qat",
  "standalone_log_loss": 0.3875090658913307,
  "standalone_mean_score": 0.7043808102607727
}