fold,final_epoch,val_roc_auc,val_accuracy,val_optimal_accuracy,val_optimal_f1,val_optimal_threshold,val_bce_loss
0,300,0.5,0.5,0.5,0.6666666666666666,0.5,0.6931471805599453
1,300,0.5,0.5,0.5,0.6666666666666666,0.5,0.6931471805599453
2,300,0.42013888888888884,0.4166666666666667,0.5,0.6571428571428571,0.43782350420951843,0.7055019423206935
3,300,0.5,0.48936170212765956,0.48936170212765956,0.6571428571428571,0.5,0.6931471805599451
4,300,0.5615942028985508,0.5319148936170213,0.5319148936170213,0.15384615384615385,0.562176525592804,0.6838301329194293
