layer,class,n_weights,n_nonzero_weights,zero_fraction,min,max,suggested_hls_strategy
conv0,QConv2D,200,200,0.0,-0.43621888756752014,0.46245551109313965,Latency
conv1,QConv2D,1152,1152,0.0,-0.6052390336990356,0.5949988961219788,Latency
conv2,QConv2D,3456,3456,0.0,-0.5115075707435608,0.517723023891449,Latency
conv3,QConv2D,5184,5184,0.0,-0.4695410132408142,0.4580276608467102,Resource
conv4,QConv2D,6912,6912,0.0,-0.4695839285850525,0.45475587248802185,Resource
output_dense,QDense,32,32,0.0,-0.457044780254364,0.3845761716365814,Latency
