{
  "accuracy": 0.7310924369747899,
  "balanced_accuracy": 0.73109243697479,
  "bce_loss": 0.634857714176178,
  "benign_log_loss": 0.6500912760792397,
  "benign_mean_score": 0.4748104512691498,
  "brier_score": 0.22135152638045885,
  "candidate": "cnn_small_hls_opt_img64",
  "confusion_matrix": [
    [
      78,
      41
    ],
    [
      23,
      96
    ]
  ],
  "ece": 0.18226586852003546,
  "f1": 0.75,
  "folds": [
    0,
    1,
    2,
    3,
    4
  ],
  "log_loss": 0.6348576203357558,
  "mcc": 0.4675647037428804,
  "optimal_accuracy": 0.7563025210084033,
  "optimal_f1": 0.7622950819672131,
  "optimal_threshold": 0.5057715773582458,
  "pr_auc": 0.804733929722102,
  "precision": 0.7007299270072993,
  "recall": 0.8067226890756303,
  "roc_auc": 0.8089824164960102,
  "stage": "float",
  "standalone_log_loss": 0.6196239645922718,
  "standalone_mean_score": 0.5411852598190308
}