call_ordinal,sample_index,expected_logit,wrapper_raw,wrapper_logit,abs_err,pass,last,keep
0,0,-2.404296875,-2462,-2.404296875,0,true,1,18446744073709551615
1,1,-2.028320312,-2077,-2.0283203125,5.0000004137e-10,true,1,18446744073709551615
2,2,-2.744140625,-2810,-2.744140625,0,true,1,18446744073709551615
3,3,-1.295898438,-1327,-1.2958984375,5.0000004137e-10,true,1,18446744073709551615
