fold,final_epoch,val_roc_auc,val_accuracy,val_optimal_accuracy,val_optimal_f1,val_optimal_threshold,val_bce_loss
0,300,0.986111111111111,0.9375,0.9375,0.9333333333333333,0.5165192484855652,0.5617718074924293
1,300,0.9166666666666666,0.7916666666666666,0.8541666666666666,0.8627450980392157,0.49853515625,0.6523720656051313
2,300,0.9496527777777778,0.875,0.8958333333333334,0.8888888888888888,0.4881766438484192,0.6017041289019046
3,300,0.8016304347826088,0.6382978723404256,0.7872340425531915,0.7368421052631579,0.5125858187675476,0.6813503893431799
4,300,0.9528985507246377,0.6382978723404256,0.8936170212765957,0.8837209302325582,0.5204963088035583,0.6720956859899668
