layer,class,n_weights,n_nonzero_weights,zero_fraction,min,max,suggested_hls_strategy
conv0,QConv2D,200,50,0.75,-0.32396528124809265,0.37696507573127747,Latency
conv1,QConv2D,1152,288,0.75,-0.2391161173582077,0.3327232301235199,Latency
conv2,QConv2D,3456,864,0.75,-0.21685190498828888,0.24767078459262848,Latency
conv3,QConv2D,5184,1296,0.75,-0.19306205213069916,0.18548282980918884,Latency
conv4,QConv2D,6912,1728,0.75,-0.25997206568717957,0.33295533061027527,Latency
output_dense,QDense,32,32,0.0,-0.3669166564941406,0.39924538135528564,Latency
