{
  "accuracy": 0.9243697478991597,
  "balanced_accuracy": 0.9243697478991597,
  "bce_loss": 0.21241629123687744,
  "benign_log_loss": 0.23464836800621736,
  "benign_mean_score": 0.17215529084205627,
  "brier_score": 0.05814624427186863,
  "candidate": "cnn_small_hls_opt_img2048",
  "confusion_matrix": [
    [
      110,
      9
    ],
    [
      9,
      110
    ]
  ],
  "ece": 0.07642164586910179,
  "f1": 0.9243697478991597,
  "folds": [
    0,
    1,
    2,
    3,
    4
  ],
  "log_loss": 0.21241629486988645,
  "mcc": 0.8487394957983193,
  "optimal_accuracy": 0.9369747899159664,
  "optimal_f1": 0.9382716049382716,
  "optimal_threshold": 0.4358377456665039,
  "pr_auc": 0.9803770336168137,
  "precision": 0.9243697478991597,
  "recall": 0.9243697478991597,
  "roc_auc": 0.9819927971188476,
  "stage": "pruned_qat",
  "standalone_log_loss": 0.19018422173355556,
  "standalone_mean_score": 0.8529152274131775
}