fold,final_epoch,val_roc_auc,val_accuracy,val_optimal_accuracy,val_optimal_f1,val_optimal_threshold,val_bce_loss
0,300,0.998263888888889,0.9791666666666666,0.9791666666666666,0.9787234042553191,0.5222212672233582,0.10003110441149765
1,300,0.9878472222222222,0.8958333333333334,0.9583333333333334,0.96,0.7565299272537231,0.25768771086755415
2,300,1.0,0.9583333333333334,1.0,1.0,0.6938863396644592,0.08117650808580683
3,300,0.9981884057971014,0.8936170212765957,0.9787234042553191,0.9787234042553191,0.1758725345134735,0.1863779134967224
4,300,0.9981884057971014,0.8297872340425532,0.9787234042553191,0.9787234042553191,0.12609083950519562,0.27685237734050017
