layer,class,n_weights,n_nonzero_weights,zero_fraction,min,max,suggested_hls_strategy
conv0,Conv2D,200,200,0.0,-0.3715873062610626,0.39408648014068604,Latency
conv1,Conv2D,1152,1152,0.0,-0.26820871233940125,0.2905004024505615,Latency
conv2,Conv2D,3456,3456,0.0,-0.2118932604789734,0.23207874596118927,Latency
conv3,Conv2D,5184,5184,0.0,-0.2079402357339859,0.18183071911334991,Resource
conv4,Conv2D,6912,6912,0.0,-0.19586576521396637,0.1924525648355484,Resource
conv5,Conv2D,9216,9216,0.0,-0.18674317002296448,0.25634726881980896,Resource
output_dense,Dense,32,32,0.0,-0.33221235871315,0.366330623626709,Latency
