{
  "accuracy": 0.726890756302521,
  "balanced_accuracy": 0.7268907563025211,
  "bce_loss": 0.5994817018508911,
  "benign_log_loss": 0.5856764852803007,
  "benign_mean_score": 0.43790629506111145,
  "brier_score": 0.20507636537767868,
  "candidate": "cnn_small_hls_opt_img256",
  "confusion_matrix": [
    [
      96,
      23
    ],
    [
      42,
      77
    ]
  ],
  "ece": 0.14812785361995218,
  "f1": 0.7031963470319634,
  "folds": [
    0,
    1,
    2,
    3,
    4
  ],
  "log_loss": 0.5994817236044107,
  "mcc": 0.45967852660972425,
  "optimal_accuracy": 0.7478991596638656,
  "optimal_f1": 0.7478991596638656,
  "optimal_threshold": 0.48535576462745667,
  "pr_auc": 0.8230891896979374,
  "precision": 0.77,
  "recall": 0.6470588235294118,
  "roc_auc": 0.8245886589930089,
  "stage": "qat",
  "standalone_log_loss": 0.6132869619285205,
  "standalone_mean_score": 0.549889326095581
}