fold,final_epoch,val_roc_auc,val_accuracy,val_optimal_accuracy,val_optimal_f1,val_optimal_threshold,val_bce_loss
0,300,0.3914930555555556,0.5,0.5,0.6129032258064516,0.5097643733024597,0.6942057362598595
1,300,0.873263888888889,0.625,0.8541666666666666,0.8444444444444444,0.46101677417755127,0.6415434409313833
2,300,0.6041666666666667,0.5208333333333334,0.625,0.7,0.44263648986816406,0.6902610980517752
3,300,0.6331521739130436,0.48936170212765956,0.6595744680851063,0.6923076923076923,0.5087881684303284,0.6927404886864098
4,300,0.7971014492753623,0.574468085106383,0.7872340425531915,0.7916666666666666,0.47268348932266235,0.6768807643480479
