layer,class,n_weights,n_nonzero_weights,zero_fraction,min,max,suggested_hls_strategy
conv0,QConv2D,200,200,0.0,-0.44140225648880005,0.45889922976493835,Latency
conv1,QConv2D,1152,1152,0.0,-0.6282262206077576,0.6505845785140991,Latency
conv2,QConv2D,3456,3456,0.0,-0.5273694396018982,0.5245566368103027,Latency
conv3,QConv2D,5184,5184,0.0,-0.47488200664520264,0.46200042963027954,Resource
output_dense,QDense,24,24,0.0,-0.4241181015968323,0.44106054306030273,Latency
