fold,final_epoch,val_roc_auc,val_accuracy,val_optimal_accuracy,val_optimal_f1,val_optimal_threshold,val_bce_loss
0,300,0.5963541666666667,0.5416666666666666,0.5833333333333334,0.6296296296296297,0.5156199336051941,0.6852208920332691
1,300,0.5234374999999999,0.5,0.5625,0.27586206896551724,0.6370307803153992,0.7008905273393756
2,300,0.6032986111111112,0.5833333333333334,0.625,0.55,0.562176525592804,0.6825906464468763
3,300,0.523550724637681,0.48936170212765956,0.5319148936170213,0.21428571428571427,0.5156199336051941,0.6919212457842898
4,300,0.6231884057971016,0.6382978723404256,0.6382978723404256,0.6222222222222222,0.5,0.6815587785989764
