layer,class,n_weights,n_nonzero_weights,zero_fraction,min,max,suggested_hls_strategy
conv0,QConv2D,200,200,0.0,-0.43470361828804016,0.45288771390914917,Latency
conv1,QConv2D,1152,1152,0.0,-0.615395188331604,0.5942567586898804,Latency
conv2,QConv2D,3456,3456,0.0,-0.5238459706306458,0.505195140838623,Latency
conv3,QConv2D,5184,5184,0.0,-0.4970458149909973,0.47518160939216614,Resource
conv4,QConv2D,6912,6912,0.0,-0.4624323844909668,0.46716123819351196,Resource
conv5,QConv2D,9216,9216,0.0,-0.4305471181869507,0.4329686164855957,Resource
output_dense,QDense,32,32,0.0,-0.38159722089767456,0.39685341715812683,Latency
