{
  "accuracy": 0.6848739495798319,
  "balanced_accuracy": 0.6848739495798319,
  "bce_loss": 0.6738882660865784,
  "benign_log_loss": 0.6663153417644168,
  "benign_mean_score": 0.4860615134239197,
  "brier_score": 0.24038832380167588,
  "candidate": "cnn_small_hls_opt_img128",
  "confusion_matrix": [
    [
      88,
      31
    ],
    [
      44,
      75
    ]
  ],
  "ece": 0.16859463583521483,
  "f1": 0.6666666666666666,
  "folds": [
    0,
    1,
    2,
    3,
    4
  ],
  "log_loss": 0.6738882815329732,
  "mcc": 0.3719741656005344,
  "optimal_accuracy": 0.7016806722689075,
  "optimal_f1": 0.6120218579234973,
  "optimal_threshold": 0.5087881684303284,
  "pr_auc": 0.8012285047772882,
  "precision": 0.7075471698113207,
  "recall": 0.6302521008403361,
  "roc_auc": 0.7814772968010734,
  "stage": "qat",
  "standalone_log_loss": 0.6814612213015296,
  "standalone_mean_score": 0.5062183141708374
}