{
  "accuracy": 0.6722689075630253,
  "balanced_accuracy": 0.6722689075630253,
  "bce_loss": 0.6443385481834412,
  "benign_log_loss": 0.6830606026825073,
  "benign_mean_score": 0.4918888211250305,
  "brier_score": 0.2259364748521546,
  "candidate": "cnn_small_hls_opt_img2048",
  "confusion_matrix": [
    [
      54,
      65
    ],
    [
      13,
      106
    ]
  ],
  "ece": 0.12247285857295791,
  "f1": 0.7310344827586207,
  "folds": [
    0,
    1,
    2,
    3,
    4
  ],
  "log_loss": 0.6443385873726231,
  "mcc": 0.38304376735866047,
  "optimal_accuracy": 0.7563025210084033,
  "optimal_f1": 0.7734375,
  "optimal_threshold": 0.5153760313987732,
  "pr_auc": 0.7910108729707814,
  "precision": 0.6198830409356725,
  "recall": 0.8907563025210085,
  "roc_auc": 0.7907986724101405,
  "stage": "qat",
  "standalone_log_loss": 0.6056165720627388,
  "standalone_mean_score": 0.5480555891990662
}