layer,class,n_weights,n_nonzero_weights,zero_fraction,min,max,suggested_hls_strategy
conv0,QConv2D,200,100,0.5,-0.3618796467781067,0.3872518837451935,Latency
conv1,QConv2D,1152,576,0.5,-0.24580007791519165,0.3312302529811859,Latency
conv2,QConv2D,3456,1728,0.5,-0.21669191122055054,0.24776440858840942,Latency
conv3,QConv2D,5184,2592,0.5,-0.2186247855424881,0.30020377039909363,Latency
conv4,QConv2D,6912,3456,0.5,-0.24741707742214203,0.25913506746292114,Latency
conv5,QConv2D,9216,4608,0.5,-0.1960505247116089,0.2722522020339966,Resource
conv6,QConv2D,9216,4608,0.5,-0.20773784816265106,0.22371508181095123,Resource
output_dense,QDense,32,32,0.0,-0.3064607083797455,0.3759314715862274,Latency
