{
  "accuracy": 0.6848739495798319,
  "balanced_accuracy": 0.6848739495798319,
  "bce_loss": 0.673392653465271,
  "benign_log_loss": 0.6736482351366426,
  "benign_mean_score": 0.48944175243377686,
  "brier_score": 0.2401500228229612,
  "candidate": "cnn_small_hls_opt_img256",
  "confusion_matrix": [
    [
      85,
      34
    ],
    [
      41,
      78
    ]
  ],
  "ece": 0.16359644602326784,
  "f1": 0.6753246753246753,
  "folds": [
    0,
    1,
    2,
    3,
    4
  ],
  "log_loss": 0.6733926926777043,
  "mcc": 0.3703892663358106,
  "optimal_accuracy": 0.6890756302521008,
  "optimal_f1": 0.6810344827586207,
  "optimal_threshold": 0.4996337890625,
  "pr_auc": 0.70830415066401,
  "precision": 0.6964285714285714,
  "recall": 0.6554621848739496,
  "roc_auc": 0.730209730951204,
  "stage": "qat",
  "standalone_log_loss": 0.6731371502187661,
  "standalone_mean_score": 0.5105771422386169
}