{
  "accuracy": 0.6386554621848739,
  "balanced_accuracy": 0.6386554621848739,
  "bce_loss": 0.6715289354324341,
  "benign_log_loss": 0.6720383936669405,
  "benign_mean_score": 0.4862230718135834,
  "brier_score": 0.2392500376923964,
  "candidate": "cnn_small_hls_opt_img64",
  "confusion_matrix": [
    [
      71,
      48
    ],
    [
      38,
      81
    ]
  ],
  "ece": 0.09291128764132493,
  "f1": 0.6532258064516129,
  "folds": [
    0,
    1,
    2,
    3,
    4
  ],
  "log_loss": 0.6715289463109401,
  "mcc": 0.2782952769054045,
  "optimal_accuracy": 0.6386554621848739,
  "optimal_f1": 0.6532258064516129,
  "optimal_threshold": 0.5,
  "pr_auc": 0.6326603007011444,
  "precision": 0.627906976744186,
  "recall": 0.680672268907563,
  "roc_auc": 0.6486476943718663,
  "stage": "qat",
  "standalone_log_loss": 0.6710194989549397,
  "standalone_mean_score": 0.5153302550315857
}