fold,final_epoch,val_roc_auc,val_accuracy,val_optimal_accuracy,val_optimal_f1,val_optimal_threshold,val_bce_loss
0,300,0.984375,0.7708333333333334,0.9583333333333334,0.9583333333333334,0.7273948788642883,0.40776641955845117
1,300,0.96875,0.875,0.9166666666666666,0.9090909090909091,0.5755283832550049,0.33057773850628075
2,300,0.9774305555555556,0.9166666666666666,0.9375,0.9361702127659575,0.45598581433296204,0.38327806350250554
3,300,0.983695652173913,0.7446808510638298,0.9361702127659575,0.9361702127659575,0.3697132170200348,0.4701726236425572
4,300,0.9673913043478262,0.8723404255319149,0.9361702127659575,0.9333333333333333,0.6157812476158142,0.3569798948128365
