{
  "accuracy": 0.9537815126050421,
  "balanced_accuracy": 0.953781512605042,
  "bce_loss": 0.09237364679574966,
  "benign_log_loss": 0.0686059932152765,
  "benign_mean_score": 0.05076383799314499,
  "brier_score": 0.02821887134596604,
  "candidate": "cnn_small_hls_opt_img256",
  "confusion_matrix": [
    [
      115,
      4
    ],
    [
      7,
      112
    ]
  ],
  "ece": 0.026550836289818046,
  "f1": 0.9531914893617022,
  "folds": [
    0,
    1,
    2,
    3,
    4
  ],
  "log_loss": 0.09237364254286982,
  "mcc": 0.9078515628377668,
  "optimal_accuracy": 0.9705882352941176,
  "optimal_f1": 0.9707112970711297,
  "optimal_threshold": 0.4052133560180664,
  "pr_auc": 0.9950282730789786,
  "precision": 0.9655172413793104,
  "recall": 0.9411764705882353,
  "roc_auc": 0.9947743803403715,
  "stage": "pruned_qat",
  "standalone_log_loss": 0.11614129187046315,
  "standalone_mean_score": 0.9284474849700928
}