fold,final_epoch,val_roc_auc,val_accuracy,val_optimal_accuracy,val_optimal_f1,val_optimal_threshold,val_bce_loss
0,300,0.7274305555555555,0.5,0.7083333333333334,0.7307692307692307,0.622459352016449,0.7093426100534813
1,300,0.6623263888888888,0.5,0.6875,0.6153846153846154,0.5331544280052185,0.6870383577523018
2,300,0.7526041666666666,0.7083333333333334,0.7291666666666666,0.7346938775510204,0.5126925706863403,0.667959765864103
3,300,0.8786231884057971,0.5531914893617021,0.7872340425531915,0.8076923076923077,0.37662312388420105,0.6353788112553457
4,300,0.8541666666666666,0.7446808510638298,0.8297872340425532,0.8333333333333334,0.5195212960243225,0.6569660598610018
