layer,class,n_weights,n_nonzero_weights,zero_fraction,min,max,suggested_hls_strategy
conv0,QConv2D,200,200,0.0,-0.3781723082065582,0.3684258759021759,Latency
conv1,QConv2D,1152,1152,0.0,-0.2418631613254547,0.26359695196151733,Latency
conv2,QConv2D,3456,3456,0.0,-0.1753123253583908,0.1942591667175293,Latency
conv3,QConv2D,5184,5184,0.0,-0.15254375338554382,0.151872456073761,Resource
output_dense,QDense,24,24,0.0,-0.3562701642513275,0.3483491539955139,Latency
