{
  "accuracy": 0.9243697478991597,
  "balanced_accuracy": 0.9243697478991597,
  "bce_loss": 0.1923692226409912,
  "benign_log_loss": 0.11490344685225928,
  "benign_mean_score": 0.09076189994812012,
  "brier_score": 0.05454829059676458,
  "candidate": "cnn_small_hls_opt_img256",
  "confusion_matrix": [
    [
      114,
      5
    ],
    [
      13,
      106
    ]
  ],
  "ece": 0.0454058507535638,
  "f1": 0.9217391304347826,
  "folds": [
    0,
    1,
    2,
    3,
    4
  ],
  "log_loss": 0.1923692042330713,
  "mcc": 0.8506639412552853,
  "optimal_accuracy": 0.9453781512605042,
  "optimal_f1": 0.946058091286307,
  "optimal_threshold": 0.298082560300827,
  "pr_auc": 0.9826725399905043,
  "precision": 0.954954954954955,
  "recall": 0.8907563025210085,
  "roc_auc": 0.9784619730245038,
  "stage": "qat",
  "standalone_log_loss": 0.26983496161388326,
  "standalone_mean_score": 0.8436511754989624
}