{
  "accuracy": 0.9537815126050421,
  "balanced_accuracy": 0.953781512605042,
  "bce_loss": 0.14427588880062103,
  "benign_log_loss": 0.1228117899036705,
  "benign_mean_score": 0.1047854945063591,
  "brier_score": 0.037423766809499805,
  "candidate": "cnn_small_hls_opt_img1024",
  "confusion_matrix": [
    [
      116,
      3
    ],
    [
      8,
      111
    ]
  ],
  "ece": 0.06889055393824056,
  "f1": 0.9527896995708155,
  "folds": [
    0,
    1,
    2,
    3,
    4
  ],
  "log_loss": 0.14427588954802284,
  "mcc": 0.9083651988408601,
  "optimal_accuracy": 0.9663865546218487,
  "optimal_f1": 0.9661016949152542,
  "optimal_threshold": 0.4601931869983673,
  "pr_auc": 0.9956095639765606,
  "precision": 0.9736842105263158,
  "recall": 0.9327731092436975,
  "roc_auc": 0.9955511616411271,
  "stage": "qat",
  "standalone_log_loss": 0.16573998919237518,
  "standalone_mean_score": 0.8747691512107849
}