{
  "accuracy": 0.9831932773109243,
  "balanced_accuracy": 0.9831932773109243,
  "bce_loss": 0.052966367453336716,
  "benign_log_loss": 0.05739263061213824,
  "benign_mean_score": 0.03162037581205368,
  "brier_score": 0.014806515463909596,
  "candidate": "cnn_small_hls_opt_img1024",
  "confusion_matrix": [
    [
      117,
      2
    ],
    [
      2,
      117
    ]
  ],
  "ece": 0.013922051522692961,
  "f1": 0.9831932773109243,
  "folds": [
    0,
    1,
    2,
    3,
    4
  ],
  "log_loss": 0.0529663694467537,
  "mcc": 0.9663865546218487,
  "optimal_accuracy": 0.9831932773109243,
  "optimal_f1": 0.9833333333333333,
  "optimal_threshold": 0.38169512152671814,
  "pr_auc": 0.9982762103615056,
  "precision": 0.9831932773109243,
  "recall": 0.9831932773109243,
  "roc_auc": 0.9982345879528283,
  "stage": "float",
  "standalone_log_loss": 0.048540108281369156,
  "standalone_mean_score": 0.9725176095962524
}