{
  "accuracy": 0.5588235294117647,
  "balanced_accuracy": 0.5588235294117647,
  "bce_loss": 0.6868946552276611,
  "benign_log_loss": 0.6895323241183106,
  "benign_mean_score": 0.49758580327033997,
  "brier_score": 0.24688467584223725,
  "candidate": "cnn_small_hls_opt_img64",
  "confusion_matrix": [
    [
      64,
      55
    ],
    [
      50,
      69
    ]
  ],
  "ece": 0.03966925725215624,
  "f1": 0.5679012345679012,
  "folds": [
    0,
    1,
    2,
    3,
    4
  ],
  "log_loss": 0.686894654237133,
  "mcc": 0.11775104429418556,
  "optimal_accuracy": 0.5630252100840336,
  "optimal_f1": 0.5398230088495575,
  "optimal_threshold": 0.5039061903953552,
  "pr_auc": 0.5810155930986091,
  "precision": 0.5564516129032258,
  "recall": 0.5798319327731093,
  "roc_auc": 0.5784196031353718,
  "stage": "qat",
  "standalone_log_loss": 0.6842569843559554,
  "standalone_mean_score": 0.5050106644630432
}