fold,final_epoch,val_roc_auc,val_accuracy,val_optimal_accuracy,val_optimal_f1,val_optimal_threshold,val_bce_loss
0,300,0.9965277777777778,0.9166666666666666,0.9791666666666666,0.9795918367346939,0.46587345004081726,0.5433337390553863
1,300,0.9661458333333334,0.8958333333333334,0.8958333333333334,0.8888888888888888,0.5,0.591639101241829
2,300,0.9722222222222221,0.5,0.9375,0.9333333333333333,0.5813031196594238,0.6552296316777394
3,300,0.8632246376811594,0.48936170212765956,0.851063829787234,0.8571428571428571,0.545285701751709,0.6808785725595646
4,300,0.9891304347826086,0.9361702127659575,0.9361702127659575,0.9333333333333333,0.5693738460540771,0.5072783359051534
