layer,class,n_weights,n_nonzero_weights,zero_fraction,min,max,suggested_hls_strategy
conv0,QConv2D,200,200,0.0,-0.46472838521003723,0.5463538765907288,Latency
conv1,QConv2D,1152,1152,0.0,-0.6061769723892212,0.7264350652694702,Latency
conv2,QConv2D,3456,3456,0.0,-0.5355954170227051,0.6091282367706299,Latency
conv3,QConv2D,5184,5184,0.0,-0.48685193061828613,0.5228511095046997,Resource
conv4,QConv2D,6912,6912,0.0,-0.5144628286361694,0.5259117484092712,Resource
output_dense,QDense,32,32,0.0,-0.4638740122318268,0.41752463579177856,Latency
