{
  "accuracy": 0.9705882352941176,
  "balanced_accuracy": 0.9705882352941176,
  "bce_loss": 0.07146500051021576,
  "benign_log_loss": 0.10084219825940041,
  "benign_mean_score": 0.05082445219159126,
  "brier_score": 0.02002146107155672,
  "candidate": "cnn_small_hls_opt_img512",
  "confusion_matrix": [
    [
      114,
      5
    ],
    [
      2,
      117
    ]
  ],
  "ece": 0.024015551331226064,
  "f1": 0.970954356846473,
  "folds": [
    0,
    1,
    2,
    3,
    4
  ],
  "log_loss": 0.07146500265026001,
  "mcc": 0.9414756947947212,
  "optimal_accuracy": 0.9789915966386554,
  "optimal_f1": 0.9789029535864979,
  "optimal_threshold": 0.8259100914001465,
  "pr_auc": 0.9970458175676696,
  "precision": 0.9590163934426229,
  "recall": 0.9831932773109243,
  "roc_auc": 0.9971047242426382,
  "stage": "float",
  "standalone_log_loss": 0.04208780704111963,
  "standalone_mean_score": 0.9728318452835083
}