fold,final_epoch,val_roc_auc,val_accuracy,val_optimal_accuracy,val_optimal_f1,val_optimal_threshold,val_bce_loss
0,300,0.9427083333333334,0.7708333333333334,0.9583333333333334,0.9565217391304348,0.34775859117507935,0.4729465840669767
1,300,0.9895833333333334,0.9791666666666666,0.9791666666666666,0.9795918367346939,0.7279754281044006,0.20174656289980986
2,300,0.9965277777777777,0.9375,0.9791666666666666,0.9787234042553191,0.4532618522644043,0.24868232244721633
3,300,0.9909420289855072,0.9574468085106383,0.9574468085106383,0.9583333333333334,0.3970029056072235,0.27669331436359074
4,300,0.980072463768116,0.9361702127659575,0.9574468085106383,0.9565217391304348,0.46879062056541443,0.24600408052301326
