layer,class,n_weights,n_nonzero_weights,zero_fraction,min,max,suggested_hls_strategy
conv0,QConv2D,200,200,0.0,-0.3590835928916931,0.39472857117652893,Latency
conv1,QConv2D,1152,1152,0.0,-0.2592131793498993,0.28846412897109985,Latency
conv2,QConv2D,3456,3456,0.0,-0.19437485933303833,0.2309693992137909,Latency
conv3,QConv2D,5184,5184,0.0,-0.18996845185756683,0.2134530246257782,Resource
conv4,QConv2D,6912,6912,0.0,-0.1882287859916687,0.18978439271450043,Resource
conv5,QConv2D,9216,9216,0.0,-0.18531057238578796,0.139558345079422,Resource
output_dense,QDense,32,32,0.0,-0.3028613030910492,0.3159545958042145,Latency
