{
  "accuracy": 0.6680672268907563,
  "balanced_accuracy": 0.6680672268907564,
  "bce_loss": 0.6827553510665894,
  "benign_log_loss": 0.6926321491635609,
  "benign_mean_score": 0.4996240735054016,
  "brier_score": 0.24480728071606886,
  "candidate": "cnn_small_hls_opt_img64",
  "confusion_matrix": [
    [
      56,
      63
    ],
    [
      16,
      103
    ]
  ],
  "ece": 0.15813878203640463,
  "f1": 0.7228070175438597,
  "folds": [
    0,
    1,
    2,
    3,
    4
  ],
  "log_loss": 0.6827553847984223,
  "mcc": 0.3658808666323011,
  "optimal_accuracy": 0.7352941176470589,
  "optimal_f1": 0.7449392712550608,
  "optimal_threshold": 0.504289984703064,
  "pr_auc": 0.7675179730230496,
  "precision": 0.6204819277108434,
  "recall": 0.865546218487395,
  "roc_auc": 0.7760045194548407,
  "stage": "qat",
  "standalone_log_loss": 0.6728786204332838,
  "standalone_mean_score": 0.5103322267532349
}