fold,final_epoch,val_roc_auc,val_accuracy,val_optimal_accuracy,val_optimal_f1,val_optimal_threshold,val_bce_loss
0,300,0.875,0.6666666666666666,0.8125,0.8301886792452831,0.5059258341789246,0.6846382655372368
1,300,0.8715277777777778,0.7291666666666666,0.7916666666666666,0.7368421052631579,0.4983177185058594,0.6876847125745597
2,300,0.8697916666666666,0.7083333333333334,0.8125,0.7692307692307693,0.4959488809108734,0.6830173028814652
3,300,0.8768115942028986,0.8085106382978723,0.8297872340425532,0.8181818181818182,0.4994373321533203,0.6842388215969752
4,300,0.8994565217391304,0.8085106382978723,0.8723404255319149,0.8695652173913043,0.4988861083984375,0.6872032867541235
