layer,class,n_weights,n_nonzero_weights,zero_fraction,min,max,suggested_hls_strategy
conv0,QConv2D,200,200,0.0,-0.3295269310474396,0.3902429938316345,Latency
conv1,QConv2D,1152,1152,0.0,-0.2841537594795227,0.33755505084991455,Latency
output_dense,QDense,16,16,0.0,-0.39268985390663147,0.46053895354270935,Latency
