fold,final_epoch,val_roc_auc,val_accuracy,val_optimal_accuracy,val_optimal_f1,val_optimal_threshold,val_bce_loss
0,300,1.0,0.9791666666666666,1.0,1.0,0.38169512152671814,0.026563670447809346
1,300,1.0,1.0,1.0,1.0,0.9000688195228577,0.021886583527125816
2,300,1.0,0.9583333333333334,1.0,1.0,0.9807024002075195,0.11331825741533151
3,300,0.9963768115942029,0.9787234042553191,0.9787234042553191,0.9777777777777777,0.6405376195907593,0.08733437451982047
4,300,1.0,1.0,1.0,1.0,0.7458930015563965,0.01566790110569936
