layer,class,n_weights,n_nonzero_weights,zero_fraction,min,max,suggested_hls_strategy
conv0,Conv2D,200,200,0.0,-0.3302486836910248,0.3911071717739105,Latency
conv1,Conv2D,1152,1152,0.0,-0.2316482961177826,0.2892792522907257,Latency
conv2,Conv2D,3456,3456,0.0,-0.20613884925842285,0.2240218073129654,Latency
conv3,Conv2D,5184,5184,0.0,-0.17573228478431702,0.24847464263439178,Resource
conv4,Conv2D,6912,6912,0.0,-0.18811878561973572,0.24133405089378357,Resource
conv5,Conv2D,9216,9216,0.0,-0.1868237555027008,0.16763989627361298,Resource
conv6,Conv2D,9216,9216,0.0,-0.18138442933559418,0.18438483774662018,Resource
output_dense,Dense,32,32,0.0,-0.29685232043266296,0.357890248298645,Latency
