fold,final_epoch,val_roc_auc,val_accuracy,val_optimal_accuracy,val_optimal_f1,val_optimal_threshold,val_bce_loss
0,300,0.8376736111111112,0.7083333333333334,0.8125,0.8363636363636363,0.44167301058769226,0.5860087120610994
1,300,0.9088541666666666,0.8333333333333334,0.8541666666666666,0.851063829787234,0.4736572206020355,0.4463568857132399
2,300,0.8576388888888888,0.7291666666666666,0.8125,0.7906976744186046,0.5563995838165283,0.5037038122474968
3,300,0.9148550724637682,0.851063829787234,0.8723404255319149,0.85,0.4843800961971283,0.5028086230767
4,300,0.9202898550724639,0.7872340425531915,0.8723404255319149,0.8636363636363636,0.665410578250885,0.4288352502564029
