layer,class,n_weights,n_nonzero_weights,zero_fraction,min,max,suggested_hls_strategy
conv0,QConv2D,200,200,0.0,-0.3608088195323944,0.39721760153770447,Latency
conv1,QConv2D,1152,1152,0.0,-0.2838246822357178,0.3124160170555115,Latency
conv2,QConv2D,3456,3456,0.0,-0.18888913094997406,0.21052439510822296,Latency
conv3,QConv2D,5184,5184,0.0,-0.18728306889533997,0.21802778542041779,Resource
conv4,QConv2D,6912,6912,0.0,-0.15569467842578888,0.1686333864927292,Resource
output_dense,QDense,32,32,0.0,-0.3131057620048523,0.3209235668182373,Latency
