{
  "accuracy": 0.9117647058823529,
  "balanced_accuracy": 0.911764705882353,
  "bce_loss": 0.256604939699173,
  "benign_log_loss": 0.23682210706020884,
  "benign_mean_score": 0.1826280802488327,
  "brier_score": 0.07487642186133765,
  "candidate": "cnn_small_hls_opt_img256",
  "confusion_matrix": [
    [
      111,
      8
    ],
    [
      13,
      106
    ]
  ],
  "ece": 0.07242586080204037,
  "f1": 0.9098712446351931,
  "folds": [
    0,
    1,
    2,
    3,
    4
  ],
  "log_loss": 0.2566049280251701,
  "mcc": 0.824257310059299,
  "optimal_accuracy": 0.9159663865546218,
  "optimal_f1": 0.9145299145299145,
  "optimal_threshold": 0.49004048109054565,
  "pr_auc": 0.9718783037414348,
  "precision": 0.9298245614035088,
  "recall": 0.8907563025210085,
  "roc_auc": 0.9692112138973237,
  "stage": "float",
  "standalone_log_loss": 0.27638774899013135,
  "standalone_mean_score": 0.8018234372138977
}