fold,final_epoch,val_roc_auc,val_accuracy,val_optimal_accuracy,val_optimal_f1,val_optimal_threshold,val_bce_loss
0,300,0.9687499999999999,0.8958333333333334,0.9583333333333334,0.9565217391304348,0.6816559433937073,0.3059990850418099
1,300,0.9652777777777778,0.8333333333333334,0.9166666666666666,0.9230769230769231,0.21887549757957458,0.23744138556840796
2,300,0.9930555555555556,0.9583333333333334,0.9583333333333334,0.9583333333333334,0.3011820614337921,0.14949993468598574
3,300,0.9927536231884058,0.8723404255319149,0.9787234042553191,0.9777777777777777,0.344375342130661,0.2789935841810664
4,300,1.0,1.0,1.0,1.0,0.5390967130661011,0.1790373950838298
