layer,class,n_weights,n_nonzero_weights,zero_fraction,min,max,suggested_hls_strategy
conv0,Conv2D,200,200,0.0,-0.3275325894355774,0.39258044958114624,Latency
conv1,Conv2D,1152,1152,0.0,-0.27047261595726013,0.3098105788230896,Latency
conv2,Conv2D,3456,3456,0.0,-0.2389828860759735,0.2535342872142792,Latency
conv3,Conv2D,5184,5184,0.0,-0.19023694097995758,0.22302117943763733,Resource
conv4,Conv2D,6912,6912,0.0,-0.3028515577316284,0.24231848120689392,Resource
output_dense,Dense,32,32,0.0,-0.35200339555740356,0.36087268590927124,Latency
