fold,final_epoch,val_roc_auc,val_accuracy,val_optimal_accuracy,val_optimal_f1,val_optimal_threshold,val_bce_loss
0,300,0.8159722222222222,0.7083333333333334,0.8125,0.8301886792452831,0.5074892044067383,0.6653791482315604
1,300,0.8055555555555556,0.6666666666666666,0.7916666666666666,0.7727272727272727,0.5238643288612366,0.6666362022433956
2,300,0.842013888888889,0.75,0.7916666666666666,0.8214285714285714,0.4752541482448578,0.5910811038695163
3,300,0.7644927536231885,0.7021276595744681,0.7446808510638298,0.7857142857142857,0.4906030297279358,0.6590482989364005
4,300,0.8768115942028986,0.8297872340425532,0.8297872340425532,0.8181818181818182,0.5003517866134644,0.5917492382670569
