layer,class,n_weights,n_nonzero_weights,zero_fraction,min,max,suggested_hls_strategy
conv0,Conv2D,200,200,0.0,-0.35507944226264954,0.4090382158756256,Latency
conv1,Conv2D,1152,1152,0.0,-0.27285870909690857,0.3240830898284912,Latency
conv2,Conv2D,3456,3456,0.0,-0.23629307746887207,0.20810672640800476,Latency
output_dense,Dense,24,24,0.0,-0.3180038630962372,0.34795430302619934,Latency
