fold,final_epoch,val_roc_auc,val_accuracy,val_optimal_accuracy,val_optimal_f1,val_optimal_threshold,val_bce_loss
0,300,0.8802083333333334,0.7083333333333334,0.8333333333333334,0.8333333333333334,0.5063856840133667,0.680963894092414
1,300,0.8975694444444444,0.7083333333333334,0.8541666666666666,0.8372093023255814,0.5078291893005371,0.6856729247175503
2,300,0.8958333333333334,0.7083333333333334,0.875,0.8571428571428571,0.5093996524810791,0.677508352250659
3,300,0.9057971014492754,0.6382978723404256,0.8723404255319149,0.8636363636363636,0.5124419331550598,0.6813537148533971
4,300,0.8985507246376812,0.7872340425531915,0.851063829787234,0.8571428571428571,0.5029334425926208,0.6848257249078376
