{
  "accuracy": 0.7310924369747899,
  "balanced_accuracy": 0.73109243697479,
  "bce_loss": 0.6682479977607727,
  "benign_log_loss": 0.6807287557928259,
  "benign_mean_score": 0.49321112036705017,
  "brier_score": 0.23757703066300456,
  "candidate": "cnn_small_hls_opt_img256",
  "confusion_matrix": [
    [
      77,
      42
    ],
    [
      22,
      97
    ]
  ],
  "ece": 0.20947572595181585,
  "f1": 0.751937984496124,
  "folds": [
    0,
    1,
    2,
    3,
    4
  ],
  "log_loss": 0.6682480476963576,
  "mcc": 0.4688540718469341,
  "optimal_accuracy": 0.7647058823529411,
  "optimal_f1": 0.768595041322314,
  "optimal_threshold": 0.5054318904876709,
  "pr_auc": 0.7830268296273634,
  "precision": 0.697841726618705,
  "recall": 0.8151260504201681,
  "roc_auc": 0.797966245321658,
  "stage": "qat",
  "standalone_log_loss": 0.6557673395998891,
  "standalone_mean_score": 0.5194653272628784
}