fold,final_epoch,val_roc_auc,val_accuracy,val_optimal_accuracy,val_optimal_f1,val_optimal_threshold,val_bce_loss
0,300,0.8854166666666667,0.75,0.8333333333333334,0.84,0.5770058631896973,0.5270096569281124
1,300,0.8784722222222222,0.7708333333333334,0.7916666666666666,0.75,0.6030029058456421,0.5013475678978286
2,300,0.8680555555555556,0.75,0.8125,0.7804878048780488,0.6332123279571533,0.49299916502638386
3,300,0.894927536231884,0.8297872340425532,0.8297872340425532,0.8333333333333334,0.44049662351608276,0.4465404771741142
4,300,0.9076086956521738,0.7659574468085106,0.8297872340425532,0.8181818181818182,0.6505410075187683,0.536873297338748
