layer,class,n_weights,n_nonzero_weights,zero_fraction,min,max,suggested_hls_strategy
conv0,Conv2D,200,200,0.0,-0.35024911165237427,0.40010902285575867,Latency
conv1,Conv2D,1152,1152,0.0,-0.2642596662044525,0.3279894292354584,Latency
conv2,Conv2D,3456,3456,0.0,-0.23706358671188354,0.2673257291316986,Latency
conv3,Conv2D,5184,5184,0.0,-0.19595439732074738,0.2208404690027237,Resource
output_dense,Dense,24,24,0.0,-0.4004700481891632,0.43737316131591797,Latency
