{
  "accuracy": 0.5378151260504201,
  "balanced_accuracy": 0.5378151260504201,
  "bce_loss": 0.6856697201728821,
  "benign_log_loss": 0.6399182233984754,
  "benign_mean_score": 0.47008445858955383,
  "brier_score": 0.24624926922462476,
  "candidate": "cnn_small_hls_opt_img128",
  "confusion_matrix": [
    [
      63,
      56
    ],
    [
      54,
      65
    ]
  ],
  "ece": 0.029314773924210488,
  "f1": 0.5416666666666666,
  "folds": [
    0,
    1,
    2,
    3,
    4
  ],
  "log_loss": 0.6856697482147158,
  "mcc": 0.07564093584889488,
  "optimal_accuracy": 0.5630252100840336,
  "optimal_f1": 0.6578947368421053,
  "optimal_threshold": 0.43782350420951843,
  "pr_auc": 0.5935826418910213,
  "precision": 0.5371900826446281,
  "recall": 0.5462184873949579,
  "roc_auc": 0.5793376173999011,
  "stage": "qat",
  "standalone_log_loss": 0.7314212730309562,
  "standalone_mean_score": 0.48432978987693787
}