fold,final_epoch,val_roc_auc,val_accuracy,val_optimal_accuracy,val_optimal_f1,val_optimal_threshold,val_bce_loss
0,300,0.9930555555555556,0.9583333333333334,0.9791666666666666,0.9787234042553191,0.4892556667327881,0.18924907479275188
1,300,0.9670138888888888,0.9166666666666666,0.9166666666666666,0.92,0.5099817514419556,0.22859619255142025
2,300,0.9947916666666666,0.9583333333333334,0.9791666666666666,0.9787234042553191,0.4999961853027344,0.16003678245849298
3,300,0.9945652173913044,0.5531914893617021,0.9787234042553191,0.9787234042553191,0.942693293094635,0.6837679295174384
4,300,0.9891304347826086,0.9574468085106383,0.9787234042553191,0.9787234042553191,0.4666785001754761,0.1841831307519868
