layer,class,n_weights,n_nonzero_weights,zero_fraction,min,max,suggested_hls_strategy
conv0,QConv2D,200,200,0.0,-0.3261714577674866,0.40183913707733154,Latency
conv1,QConv2D,1152,1152,0.0,-0.2574635446071625,0.30942174792289734,Latency
conv2,QConv2D,3456,3456,0.0,-0.19858002662658691,0.2878768742084503,Latency
conv3,QConv2D,5184,5184,0.0,-0.2155793011188507,0.2840951979160309,Resource
conv4,QConv2D,6912,6912,0.0,-0.24219422042369843,0.2834833264350891,Resource
output_dense,QDense,32,32,0.0,-0.34742021560668945,0.35060521960258484,Latency
