{
  "accuracy": 0.9285714285714286,
  "balanced_accuracy": 0.9285714285714286,
  "bce_loss": 0.20037341117858887,
  "benign_log_loss": 0.22366116175264728,
  "benign_mean_score": 0.14471493661403656,
  "brier_score": 0.05683163270775777,
  "candidate": "cnn_small_hls_opt_img512",
  "confusion_matrix": [
    [
      111,
      8
    ],
    [
      9,
      110
    ]
  ],
  "ece": 0.06449883925814588,
  "f1": 0.9282700421940928,
  "folds": [
    0,
    1,
    2,
    3,
    4
  ],
  "log_loss": 0.2003734040381105,
  "mcc": 0.8571731229523383,
  "optimal_accuracy": 0.9411764705882353,
  "optimal_f1": 0.943089430894309,
  "optimal_threshold": 0.36606869101524353,
  "pr_auc": 0.9755494840890616,
  "precision": 0.9322033898305084,
  "recall": 0.9243697478991597,
  "roc_auc": 0.978461973024504,
  "stage": "float",
  "standalone_log_loss": 0.1770856463235737,
  "standalone_mean_score": 0.8651623129844666
}