fold,final_epoch,val_roc_auc,val_accuracy,val_optimal_accuracy,val_optimal_f1,val_optimal_threshold,val_bce_loss
0,300,0.9947916666666666,0.9791666666666666,0.9791666666666666,0.9787234042553191,0.5579950213432312,0.13762941770255566
1,300,0.9756944444444444,0.8958333333333334,0.9166666666666666,0.9230769230769231,0.41607367992401123,0.24651194363832474
2,300,0.998263888888889,0.9791666666666666,0.9791666666666666,0.9787234042553191,0.526748776435852,0.13396011665463448
3,300,0.9981884057971014,0.9574468085106383,0.9787234042553191,0.9787234042553191,0.6990194916725159,0.13206588120219556
4,300,0.9746376811594203,0.8723404255319149,0.9361702127659575,0.9333333333333333,0.7499947547912598,0.22208516775293552
