fold,final_epoch,val_roc_auc,val_accuracy,val_optimal_accuracy,val_optimal_f1,val_optimal_threshold,val_bce_loss
0,300,0.9930555555555556,0.9583333333333334,0.9791666666666666,0.9787234042553191,0.7363860011100769,0.1398896872997284
1,300,0.9739583333333334,0.9375,0.9375,0.9387755102040817,0.6167190074920654,0.19980347156524658
2,300,0.9913194444444444,0.9375,0.9583333333333334,0.96,0.7031769752502441,0.1810409426689148
3,300,0.9963768115942029,0.9574468085106383,0.9787234042553191,0.9787234042553191,0.3199180066585541,0.16717542707920074
4,300,0.9927536231884059,0.9148936170212766,0.9574468085106383,0.9583333333333334,0.44290798902511597,0.163870707154274
