fold,final_epoch,val_roc_auc,val_accuracy,val_optimal_accuracy,val_optimal_f1,val_optimal_threshold,val_bce_loss
0,300,0.9938271604938271,0.9444444444444444,0.9722222222222222,0.9714285714285714,0.5667380690574646,0.36220598430043677
1,300,0.9938271604938271,0.8333333333333334,0.9722222222222222,0.9714285714285714,0.6389479041099548,0.3542929679455203
2,300,1.0,0.9722222222222222,1.0,1.0,0.517509937286377,0.36368445155791285
3,300,1.0,1.0,1.0,1.0,0.5075677633285522,0.3174281554232617
4,300,0.9869281045751633,0.8857142857142857,0.9714285714285714,0.972972972972973,0.41744959354400635,0.3806358707299223
