layer,class,n_weights,n_nonzero_weights,zero_fraction,min,max,suggested_hls_strategy
conv0,QConv2D,200,100,0.5,-0.3262610137462616,0.38907429575920105,Latency
conv1,QConv2D,1152,576,0.5,-0.28440049290657043,0.30834585428237915,Latency
conv2,QConv2D,3456,1728,0.5,-0.28427597880363464,0.25571030378341675,Latency
conv3,QConv2D,5184,2592,0.5,-0.20932790637016296,0.24064797163009644,Latency
conv4,QConv2D,6912,3456,0.5,-0.17727459967136383,0.1796945035457611,Latency
output_dense,QDense,32,32,0.0,-0.3434165418148041,0.3715314269065857,Latency
