{
  "accuracy": 0.9495798319327731,
  "balanced_accuracy": 0.9495798319327731,
  "bce_loss": 0.15321889519691467,
  "benign_log_loss": 0.09588888445176527,
  "benign_mean_score": 0.0840575248003006,
  "brier_score": 0.043081081623643845,
  "candidate": "cnn_small_hls_opt_img1024",
  "confusion_matrix": [
    [
      118,
      1
    ],
    [
      11,
      108
    ]
  ],
  "ece": 0.06823378488296221,
  "f1": 0.9473684210526315,
  "folds": [
    0,
    1,
    2,
    3,
    4
  ],
  "log_loss": 0.1532189063450282,
  "mcc": 0.902351352390251,
  "optimal_accuracy": 0.9663865546218487,
  "optimal_f1": 0.9655172413793104,
  "optimal_threshold": 0.4402877390384674,
  "pr_auc": 0.993874301058303,
  "precision": 0.9908256880733946,
  "recall": 0.907563025210084,
  "roc_auc": 0.993362050702634,
  "stage": "float",
  "standalone_log_loss": 0.21054892823829105,
  "standalone_mean_score": 0.8563642501831055
}