fold,final_epoch,val_roc_auc,val_accuracy,val_optimal_accuracy,val_optimal_f1,val_optimal_threshold,val_bce_loss
0,1,0.9895833333333334,0.9166666666666666,0.9583333333333334,0.9583333333333334,0.7051255702972412,0.2093108892440796
1,1,0.984375,0.9375,0.9583333333333334,0.9583333333333334,0.7214980125427246,0.21763263642787933
2,1,0.984375,0.9166666666666666,0.9375,0.9333333333333333,0.6312534213066101,0.17032964527606964
3,1,0.9945652173913043,0.8297872340425532,0.9574468085106383,0.9583333333333334,0.19272920489311218,0.29033851623535156
4,1,0.9909420289855072,0.9361702127659575,0.9574468085106383,0.9583333333333334,0.3474263846874237,0.1883440613746643
