{
  "accuracy": 0.8697478991596639,
  "balanced_accuracy": 0.8697478991596639,
  "bce_loss": 0.32142361998558044,
  "benign_log_loss": 0.2955294160083006,
  "benign_mean_score": 0.22179017961025238,
  "brier_score": 0.09731671947551067,
  "candidate": "cnn_small_hls_opt_img256",
  "confusion_matrix": [
    [
      107,
      12
    ],
    [
      19,
      100
    ]
  ],
  "ece": 0.06483122650064341,
  "f1": 0.8658008658008658,
  "folds": [
    0,
    1,
    2,
    3,
    4
  ],
  "log_loss": 0.32142366506827086,
  "mcc": 0.7407785326716212,
  "optimal_accuracy": 0.8739495798319328,
  "optimal_f1": 0.8717948717948718,
  "optimal_threshold": 0.488329142332077,
  "pr_auc": 0.9493551169413996,
  "precision": 0.8928571428571429,
  "recall": 0.8403361344537815,
  "roc_auc": 0.9449191441282396,
  "stage": "qat",
  "standalone_log_loss": 0.347317914128241,
  "standalone_mean_score": 0.7597828507423401
}