{
  "accuracy": 0.9243697478991597,
  "balanced_accuracy": 0.9243697478991597,
  "bce_loss": 0.24942341446876526,
  "benign_log_loss": 0.2682304032973407,
  "benign_mean_score": 0.21738405525684357,
  "brier_score": 0.06972751464231028,
  "candidate": "cnn_small_hls_opt_img1024",
  "confusion_matrix": [
    [
      114,
      5
    ],
    [
      13,
      106
    ]
  ],
  "ece": 0.1039935892541744,
  "f1": 0.9217391304347826,
  "folds": [
    0,
    1,
    2,
    3,
    4
  ],
  "log_loss": 0.24942340414304345,
  "mcc": 0.8506639412552853,
  "optimal_accuracy": 0.9369747899159664,
  "optimal_f1": 0.9377593360995851,
  "optimal_threshold": 0.44531846046447754,
  "pr_auc": 0.982879801621394,
  "precision": 0.954954954954955,
  "recall": 0.8907563025210085,
  "roc_auc": 0.9799449191441282,
  "stage": "pruned_qat",
  "standalone_log_loss": 0.2306164049887462,
  "standalone_mean_score": 0.8272970914840698
}