{
  "accuracy": 0.9117647058823529,
  "balanced_accuracy": 0.9117647058823529,
  "bce_loss": 0.23020415008068085,
  "benign_log_loss": 0.19911288522412762,
  "benign_mean_score": 0.16128750145435333,
  "brier_score": 0.06791402997889329,
  "candidate": "cnn_small_hls_opt_img2048",
  "confusion_matrix": [
    [
      113,
      6
    ],
    [
      15,
      104
    ]
  ],
  "ece": 0.06299746260360009,
  "f1": 0.9082969432314411,
  "folds": [
    0,
    1,
    2,
    3,
    4
  ],
  "log_loss": 0.23020418239766868,
  "mcc": 0.8258948315174716,
  "optimal_accuracy": 0.9159663865546218,
  "optimal_f1": 0.9122807017543859,
  "optimal_threshold": 0.5377983450889587,
  "pr_auc": 0.9787526735728782,
  "precision": 0.9454545454545454,
  "recall": 0.8739495798319328,
  "roc_auc": 0.9762728620860108,
  "stage": "float",
  "standalone_log_loss": 0.2612954795712098,
  "standalone_mean_score": 0.8160616159439087
}