{
  "accuracy": 0.7100840336134454,
  "balanced_accuracy": 0.7100840336134454,
  "bce_loss": 0.643312394618988,
  "benign_log_loss": 0.6177179872792117,
  "benign_mean_score": 0.4582729935646057,
  "brier_score": 0.2253732493594572,
  "candidate": "cnn_small_hls_opt_img512",
  "confusion_matrix": [
    [
      89,
      30
    ],
    [
      39,
      80
    ]
  ],
  "ece": 0.15662518832363,
  "f1": 0.6986899563318777,
  "folds": [
    0,
    1,
    2,
    3,
    4
  ],
  "log_loss": 0.6433124065079553,
  "mcc": 0.4213749140395263,
  "optimal_accuracy": 0.7478991596638656,
  "optimal_f1": 0.7142857142857143,
  "optimal_threshold": 0.5151320695877075,
  "pr_auc": 0.8179502150688894,
  "precision": 0.7272727272727273,
  "recall": 0.6722689075630253,
  "roc_auc": 0.7683426311701151,
  "stage": "qat",
  "standalone_log_loss": 0.6689068257366989,
  "standalone_mean_score": 0.5161974430084229
}