fold,final_epoch,val_roc_auc,val_accuracy,val_optimal_accuracy,val_optimal_f1,val_optimal_threshold,val_bce_loss
0,300,0.8784722222222222,0.7083333333333334,0.8125,0.8085106382978723,0.5054729580879211,0.6843127905025203
1,300,0.8663194444444445,0.6458333333333334,0.7916666666666666,0.7368421052631579,0.5082879662513733,0.6867363966763927
2,300,0.8715277777777778,0.7708333333333334,0.8333333333333334,0.8,0.5064882636070251,0.6815803659537095
3,300,0.8894927536231885,0.574468085106383,0.851063829787234,0.8205128205128205,0.5131410360336304,0.682951086435056
4,300,0.9239130434782609,0.7872340425531915,0.8936170212765957,0.8936170212765957,0.5024746060371399,0.6856007066549913
