fold,final_epoch,val_roc_auc,val_accuracy,val_optimal_accuracy,val_optimal_f1,val_optimal_threshold,val_bce_loss
0,300,0.6805555555555555,0.6666666666666666,0.6666666666666666,0.7037037037037037,0.5,0.665054374072758
1,300,0.5633680555555556,0.5625,0.625,0.6086956521739131,0.4843800961971283,0.6975995868527599
2,300,0.6979166666666666,0.6666666666666666,0.6666666666666666,0.6363636363636364,0.5,0.6649558029041231
3,300,0.634963768115942,0.6382978723404256,0.6595744680851063,0.6666666666666666,0.5156199336051941,0.6812698727513544
4,300,0.7318840579710145,0.6595744680851063,0.7021276595744681,0.6111111111111112,0.5926666259765625,0.6484879482205961
