layer,class,n_weights,n_nonzero_weights,zero_fraction,min,max,suggested_hls_strategy
conv0,QConv2D,200,200,0.0,-0.3675938844680786,0.36685919761657715,Latency
conv1,QConv2D,1152,1152,0.0,-0.21936580538749695,0.24836669862270355,Latency
conv2,QConv2D,3456,3456,0.0,-0.19085770845413208,0.21115368604660034,Latency
conv3,QConv2D,5184,5184,0.0,-0.1418207585811615,0.14702491462230682,Resource
conv4,QConv2D,6912,6912,0.0,-0.13859842717647552,0.1356048732995987,Resource
output_dense,QDense,32,32,0.0,-0.2797758877277374,0.2913549542427063,Latency
