{
  "accuracy": 0.7100840336134454,
  "balanced_accuracy": 0.7100840336134453,
  "bce_loss": 0.5568795204162598,
  "benign_log_loss": 0.4130086865671652,
  "benign_mean_score": 0.333859384059906,
  "brier_score": 0.1864926160320737,
  "candidate": "cnn_small_hls_opt_img1024",
  "confusion_matrix": [
    [
      117,
      2
    ],
    [
      67,
      52
    ]
  ],
  "ece": 0.24764480380764028,
  "f1": 0.6011560693641619,
  "folds": [
    0,
    1,
    2,
    3,
    4
  ],
  "log_loss": 0.5568795057049636,
  "mcc": 0.501607721190705,
  "optimal_accuracy": 0.865546218487395,
  "optimal_f1": 0.8620689655172413,
  "optimal_threshold": 0.42310044169425964,
  "pr_auc": 0.9364813272570806,
  "precision": 0.9629629629629629,
  "recall": 0.4369747899159664,
  "roc_auc": 0.9257114610550102,
  "stage": "qat",
  "standalone_log_loss": 0.7007503248427618,
  "standalone_mean_score": 0.5081772804260254
}