{
  "accuracy": 0.8907563025210085,
  "balanced_accuracy": 0.8907563025210083,
  "bce_loss": 0.2859856188297272,
  "benign_log_loss": 0.36610406783868593,
  "benign_mean_score": 0.25841304659843445,
  "brier_score": 0.08533118223219885,
  "candidate": "cnn_small_hls_opt_img512",
  "confusion_matrix": [
    [
      100,
      19
    ],
    [
      7,
      112
    ]
  ],
  "ece": 0.0987004291172288,
  "f1": 0.896,
  "folds": [
    0,
    1,
    2,
    3,
    4
  ],
  "log_loss": 0.28598560333384265,
  "mcc": 0.7855166807473443,
  "optimal_accuracy": 0.907563025210084,
  "optimal_f1": 0.9067796610169492,
  "optimal_threshold": 0.618261992931366,
  "pr_auc": 0.9655667935382982,
  "precision": 0.8549618320610687,
  "recall": 0.9411764705882353,
  "roc_auc": 0.9651860744297719,
  "stage": "qat",
  "standalone_log_loss": 0.2058671388289994,
  "standalone_mean_score": 0.8351101875305176
}