fold,final_epoch,val_roc_auc,val_accuracy,val_optimal_accuracy,val_optimal_f1,val_optimal_threshold,val_bce_loss
0,300,0.8854166666666667,0.5416666666666666,0.8333333333333334,0.8181818181818182,0.5690595507621765,0.655754495772242
1,300,0.9131944444444444,0.8125,0.8541666666666666,0.8444444444444444,0.48658692836761475,0.6454851183224465
2,300,0.907986111111111,0.7708333333333334,0.8958333333333334,0.8888888888888888,0.5211893916130066,0.6231963378469483
3,300,0.9021739130434783,0.851063829787234,0.8723404255319149,0.8636363636363636,0.4954415559768677,0.6412815986598123
4,300,0.9311594202898551,0.8723404255319149,0.8723404255319149,0.8636363636363636,0.5063396692276001,0.6264522274125904
