fold,final_epoch,val_roc_auc,val_accuracy,val_optimal_accuracy,val_optimal_f1,val_optimal_threshold,val_bce_loss
0,300,0.9913194444444444,0.9166666666666666,0.9583333333333334,0.9565217391304348,0.7330579161643982,0.29466687335466946
1,300,0.9322916666666667,0.8958333333333334,0.8958333333333334,0.8888888888888888,0.607008159160614,0.3093254571410018
2,300,1.0,0.9583333333333334,1.0,1.0,0.6792318820953369,0.255021712365971
3,300,0.980072463768116,0.9361702127659575,0.9361702127659575,0.9302325581395349,0.5084220767021179,0.41011193110623
4,300,0.983695652173913,0.7872340425531915,0.9361702127659575,0.9333333333333333,0.26508304476737976,0.3915365144698166
