layer,class,n_weights,n_nonzero_weights,zero_fraction,min,max,suggested_hls_strategy
conv0,QConv2D,200,100,0.5,-0.3320780098438263,0.3887701630592346,Latency
conv1,QConv2D,1152,576,0.5,-0.24279749393463135,0.3073803186416626,Latency
conv2,QConv2D,3456,1728,0.5,-0.22384481132030487,0.2305138111114502,Latency
conv3,QConv2D,5184,2592,0.5,-0.16239237785339355,0.21792703866958618,Latency
conv4,QConv2D,6912,3456,0.5,-0.2274358719587326,0.22154413163661957,Latency
output_dense,QDense,32,32,0.0,-0.3640139400959015,0.39831092953681946,Latency
