{
  "accuracy": 0.5588235294117647,
  "balanced_accuracy": 0.5588235294117647,
  "bce_loss": 0.6757933497428894,
  "benign_log_loss": 0.6288406209287541,
  "benign_mean_score": 0.4613693058490753,
  "brier_score": 0.2415074684612072,
  "candidate": "cnn_small_hls_opt_img256",
  "confusion_matrix": [
    [
      84,
      35
    ],
    [
      70,
      49
    ]
  ],
  "ece": 0.04811251877235765,
  "f1": 0.4827586206896552,
  "folds": [
    0,
    1,
    2,
    3,
    4
  ],
  "log_loss": 0.6757933240505757,
  "mcc": 0.12309149097933274,
  "optimal_accuracy": 0.5756302521008403,
  "optimal_f1": 0.6379928315412187,
  "optimal_threshold": 0.4532618522644043,
  "pr_auc": 0.5836155494207721,
  "precision": 0.5833333333333334,
  "recall": 0.4117647058823529,
  "roc_auc": 0.600134171315585,
  "stage": "qat",
  "standalone_log_loss": 0.7227460271723974,
  "standalone_mean_score": 0.490384966135025
}