{
  "accuracy": 0.46638655462184875,
  "balanced_accuracy": 0.46638655462184875,
  "bce_loss": 0.7011335492134094,
  "benign_log_loss": 0.7150347603429962,
  "benign_mean_score": 0.5087248682975769,
  "brier_score": 0.25396715366313766,
  "candidate": "cnn_small_hls_opt_img128",
  "confusion_matrix": [
    [
      38,
      81
    ],
    [
      46,
      73
    ]
  ],
  "ece": 0.07480683584674067,
  "f1": 0.5347985347985348,
  "folds": [
    0,
    1,
    2,
    3,
    4
  ],
  "log_loss": 0.7011335956704022,
  "mcc": -0.07033799484533299,
  "optimal_accuracy": 0.5168067226890757,
  "optimal_f1": 0.6627565982404692,
  "optimal_threshold": 0.4532618522644043,
  "pr_auc": 0.48128931362180166,
  "precision": 0.474025974025974,
  "recall": 0.6134453781512605,
  "roc_auc": 0.4691405974154368,
  "stage": "qat",
  "standalone_log_loss": 0.6872324309978083,
  "standalone_mean_score": 0.5047821998596191
}