fold,final_epoch,val_roc_auc,val_accuracy,val_optimal_accuracy,val_optimal_f1,val_optimal_threshold,val_bce_loss
0,300,0.9045138888888888,0.7291666666666666,0.8541666666666666,0.8627450980392157,0.5301063060760498,0.6308825373038864
1,300,0.9114583333333334,0.8333333333333334,0.8541666666666666,0.8372093023255814,0.49783897399902344,0.633210154697005
2,300,0.9149305555555556,0.75,0.8958333333333334,0.8888888888888888,0.5477960109710693,0.5946459473065485
3,300,0.9003623188405797,0.8085106382978723,0.8723404255319149,0.8636363636363636,0.5199512243270874,0.6242189367431632
4,300,0.9329710144927537,0.851063829787234,0.8723404255319149,0.8636363636363636,0.521113932132721,0.609943322408044
