transform,n,mean_diff,min_diff,max_diff,mae,pearson_corr,hw_vs_run_order_corr,hls_vs_run_order_corr,hw_mean,hls_mean
A_identity,48,9.9248046875625,6.4667968755,15.3691406245,9.9248046875625,0.7874933537462075,0.042763132853192276,0.13119150638200824,9.070271809895834,-0.8545328776666667
B_reverse_lanes,48,10.16668701178125,4.975585938,17.044921875500002,10.16668701178125,0.7256587154324848,0.04399008893237518,0.13119150638200824,9.312154134114584,-0.8545328776666667
C_byteswap,48,-3.0976155598333333,-6.4140625,-0.26855468699999996,3.0976155598333333,0.16437701698118998,0.2277843669547161,0.13119150638200824,-3.9521484375,-0.8545328776666667
D_lanes_byteswap,48,-3.1069335936875,-6.4541015625,-0.26855468699999996,3.1069335936875,-0.016356600645147604,0.033442797358933365,0.13119150638200824,-3.9614664713541665,-0.8545328776666667
E_full_bitreversal,48,-3.097534179625,-6.4541015625,-0.26855468699999996,3.097534179625,-0.08784602028693428,0.3068580186782818,0.13119150638200824,-3.9520670572916665,-0.8545328776666667
F_rev_64b_subwords,48,10.03826904303125,4.915039063,13.9677734375,10.03826904303125,0.7604816312829314,-0.007887082377968356,0.13119150638200824,9.183736165364584,-0.8545328776666667
G_rev_128b_subwords,48,10.358601888083333,6.1513671875,15.4160156255,10.358601888083333,0.7858026229795985,0.002906754464605769,0.13119150638200824,9.504069010416666,-0.8545328776666667
H_bitrev_each_lane,48,-3.10003662103125,-6.4541015625,-0.30859374949999996,3.10003662103125,-0.02826504418547159,0.16924456044177807,0.13119150638200824,-3.9545694986979165,-0.8545328776666667
