fold,final_epoch,val_roc_auc,val_accuracy,val_optimal_accuracy,val_optimal_f1,val_optimal_threshold,val_bce_loss
0,300,0.9930555555555556,0.9375,0.9583333333333334,0.9583333333333334,0.4443236291408539,0.2900840590848819
1,300,1.0,0.9791666666666666,1.0,1.0,0.5936092734336853,0.12846964205473588
2,300,0.9826388888888888,0.9166666666666666,0.9375,0.9361702127659575,0.5554352402687073,0.17732290666232084
3,300,0.9981884057971014,0.9787234042553191,0.9787234042553191,0.9787234042553191,0.6785399913787842,0.08915413045843494
4,300,0.9909420289855073,0.9148936170212766,0.9574468085106383,0.9565217391304348,0.28298813104629517,0.21626963344335293
