layer,class,n_weights,n_nonzero_weights,zero_fraction,min,max,suggested_hls_strategy
conv0,QConv2D,200,100,0.5,-0.3793683648109436,0.41771137714385986,Latency
conv1,QConv2D,1152,576,0.5,-0.307821661233902,0.3482521176338196,Latency
conv2,QConv2D,3456,1728,0.5,-0.3003745675086975,0.28273338079452515,Latency
conv3,QConv2D,5184,2592,0.5,-0.25683701038360596,0.2663988769054413,Latency
conv4,QConv2D,6912,3456,0.5,-0.28747421503067017,0.26298102736473083,Latency
conv5,QConv2D,9216,4608,0.5,-0.2563125193119049,0.24641476571559906,Resource
conv6,QConv2D,9216,4608,0.5,-0.1774298995733261,0.1853819340467453,Resource
output_dense,QDense,32,32,0.0,-0.32160255312919617,0.3706592917442322,Latency
