layer,class,n_weights,n_nonzero_weights,zero_fraction,min,max,suggested_hls_strategy
conv0,QConv2D,200,100,0.5,-0.4342601001262665,0.3562139570713043,Latency
conv1,QConv2D,1152,576,0.5,-0.24773311614990234,0.3306288719177246,Latency
conv2,QConv2D,3456,1728,0.5,-0.2074652761220932,0.26914793252944946,Latency
conv3,QConv2D,5184,2592,0.5,-0.22514353692531586,0.2097375988960266,Latency
conv4,QConv2D,6912,3456,0.5,-0.2714177668094635,0.22035089135169983,Latency
conv5,QConv2D,9216,4608,0.5,-0.22295910120010376,0.19828031957149506,Resource
conv6,QConv2D,9216,4608,0.5,-0.16456232964992523,0.1594187319278717,Resource
output_dense,QDense,32,32,0.0,-0.34538355469703674,0.3673206865787506,Latency
