fold,final_epoch,val_roc_auc,val_accuracy,val_optimal_accuracy,val_optimal_f1,val_optimal_threshold,val_bce_loss
0,300,0.9826388888888888,0.5208333333333334,0.9375,0.9411764705882353,0.3640424609184265,0.6300074726147175
1,300,0.967013888888889,0.75,0.9583333333333334,0.9583333333333334,0.42679932713508606,0.5986830058970619
2,300,0.998263888888889,0.8333333333333334,0.9791666666666666,0.9787234042553191,0.44613271951675415,0.5960510714048924
3,300,0.9492753623188406,0.6808510638297872,0.8936170212765957,0.8979591836734694,0.40133580565452576,0.6115387368723045
4,300,0.9402173913043478,0.6808510638297872,0.9361702127659575,0.9333333333333333,0.6060905456542969,0.6114189256149726
