layer,class,n_weights,n_nonzero_weights,zero_fraction,min,max,suggested_hls_strategy
conv0,QConv2D,200,200,0.0,-0.3463915288448334,0.40271252393722534,Latency
conv1,QConv2D,1152,1152,0.0,-0.24833373725414276,0.29785802960395813,Latency
conv2,QConv2D,3456,3456,0.0,-0.21389102935791016,0.20066362619400024,Latency
conv3,QConv2D,5184,5184,0.0,-0.1869208961725235,0.16351085901260376,Resource
output_dense,QDense,24,24,0.0,-0.3706602454185486,0.35400471091270447,Latency
