{
  "accuracy": 0.6260504201680672,
  "balanced_accuracy": 0.6260504201680672,
  "bce_loss": 0.6769987940788269,
  "benign_log_loss": 0.6625942230985107,
  "benign_mean_score": 0.48410269618034363,
  "brier_score": 0.24194232400079943,
  "candidate": "cnn_small_hls_opt_img64",
  "confusion_matrix": [
    [
      93,
      26
    ],
    [
      63,
      56
    ]
  ],
  "ece": 0.10710737585019664,
  "f1": 0.5572139303482587,
  "folds": [
    0,
    1,
    2,
    3,
    4
  ],
  "log_loss": 0.6769988349424861,
  "mcc": 0.2652479458836528,
  "optimal_accuracy": 0.6722689075630253,
  "optimal_f1": 0.6637931034482759,
  "optimal_threshold": 0.4941408932209015,
  "pr_auc": 0.7251244158655322,
  "precision": 0.6829268292682927,
  "recall": 0.47058823529411764,
  "roc_auc": 0.7167572911517548,
  "stage": "qat",
  "standalone_log_loss": 0.6914034467864617,
  "standalone_mean_score": 0.5013080835342407
}