fold,final_epoch,val_roc_auc,val_accuracy,val_optimal_accuracy,val_optimal_f1,val_optimal_threshold,val_bce_loss
0,300,0.7777777777777778,0.6875,0.7708333333333334,0.7555555555555555,0.5047211050987244,0.6857678341166217
1,300,0.8854166666666666,0.6458333333333334,0.8541666666666666,0.851063829787234,0.5045980215072632,0.687214880047649
2,300,0.8784722222222222,0.7708333333333334,0.8125,0.8,0.5110090970993042,0.6746967441951209
3,300,0.7536231884057971,0.5531914893617021,0.723404255319149,0.7346938775510204,0.5109907388687134,0.6876352471487124
4,300,0.8641304347826086,0.7446808510638298,0.8085106382978723,0.8301886792452831,0.4968074858188629,0.6776720924094164
