fold,final_epoch,val_roc_auc,val_accuracy,val_optimal_accuracy,val_optimal_f1,val_optimal_threshold,val_bce_loss
0,300,0.7256944444444444,0.5416666666666666,0.7083333333333334,0.75,0.47755417227745056,0.685168539840855
1,300,0.9409722222222222,0.8125,0.9166666666666666,0.9166666666666666,0.4843800961971283,0.6481441266967316
2,300,0.8368055555555556,0.5416666666666666,0.8125,0.7804878048780488,0.47852882742881775,0.6763223861390096
3,300,0.641304347826087,0.5106382978723404,0.6170212765957447,0.71875,0.49072372913360596,0.6915585439317741
4,300,0.9166666666666667,0.8297872340425532,0.8723404255319149,0.88,0.48755139112472534,0.6650179145973625
