{
  "accuracy": 0.7899159663865546,
  "balanced_accuracy": 0.7899159663865547,
  "bce_loss": 0.6294427514076233,
  "benign_log_loss": 0.6249814431436072,
  "benign_mean_score": 0.46317875385284424,
  "brier_score": 0.21841776429781357,
  "candidate": "cnn_small_hls_opt_img128",
  "confusion_matrix": [
    [
      96,
      23
    ],
    [
      27,
      92
    ]
  ],
  "ece": 0.24548410624265668,
  "f1": 0.7863247863247863,
  "folds": [
    0,
    1,
    2,
    3,
    4
  ],
  "log_loss": 0.6294427548873928,
  "mcc": 0.5801597761424507,
  "optimal_accuracy": 0.819327731092437,
  "optimal_f1": 0.7981220657276995,
  "optimal_threshold": 0.5122731328010559,
  "pr_auc": 0.8943533076181789,
  "precision": 0.8,
  "recall": 0.773109243697479,
  "roc_auc": 0.8760680742885391,
  "stage": "float",
  "standalone_log_loss": 0.6339040666311788,
  "standalone_mean_score": 0.5324016809463501
}