fold,final_epoch,val_roc_auc,val_accuracy,val_optimal_accuracy,val_optimal_f1,val_optimal_threshold,val_bce_loss
0,300,0.564236111111111,0.5416666666666666,0.5625,0.5714285714285714,0.5156199336051941,0.6883188477529313
1,300,0.5546875,0.5208333333333334,0.5625,0.36363636363636365,0.5467381477355957,0.6857402191498695
2,300,0.4852430555555556,0.4375,0.5416666666666666,0.6857142857142857,0.4073334038257599,0.6949759290114746
3,300,0.2653985507246377,0.40425531914893614,0.48936170212765956,0.6571428571428571,0.46879062056541443,0.7292512672130447
4,300,0.39492753623188415,0.425531914893617,0.5319148936170213,0.6857142857142857,0.4532618522644043,0.7081128736546034
