layer,class,n_weights,n_nonzero_weights,zero_fraction,min,max,suggested_hls_strategy
conv0,QConv2D,200,200,0.0,-0.4381689131259918,0.44463804364204407,Latency
conv1,QConv2D,1152,1152,0.0,-0.6108158826828003,0.6087334752082825,Latency
conv2,QConv2D,3456,3456,0.0,-0.5311425924301147,0.5313658118247986,Latency
conv3,QConv2D,5184,5184,0.0,-0.46964260935783386,0.4602977931499481,Resource
conv4,QConv2D,6912,6912,0.0,-0.4829601049423218,0.4770321249961853,Resource
output_dense,QDense,32,32,0.0,-0.42600175738334656,0.38036271929740906,Latency
