{
  "accuracy": 0.7058823529411765,
  "balanced_accuracy": 0.7058823529411765,
  "bce_loss": 0.6118929386138916,
  "benign_log_loss": 0.5725338358544549,
  "benign_mean_score": 0.42978256940841675,
  "brier_score": 0.21052104032806204,
  "candidate": "cnn_small_hls_opt_img64",
  "confusion_matrix": [
    [
      99,
      20
    ],
    [
      50,
      69
    ]
  ],
  "ece": 0.1192645865077732,
  "f1": 0.6634615384615384,
  "folds": [
    0,
    1,
    2,
    3,
    4
  ],
  "log_loss": 0.6118929578309947,
  "mcc": 0.42550820850202364,
  "optimal_accuracy": 0.726890756302521,
  "optimal_f1": 0.6700507614213198,
  "optimal_threshold": 0.5151320695877075,
  "pr_auc": 0.7918316879544129,
  "precision": 0.7752808988764045,
  "recall": 0.5798319327731093,
  "roc_auc": 0.783631099498623,
  "stage": "qat",
  "standalone_log_loss": 0.6512520798075344,
  "standalone_mean_score": 0.5310476422309875
}