fold,final_epoch,val_roc_auc,val_accuracy,val_optimal_accuracy,val_optimal_f1,val_optimal_threshold,val_bce_loss
0,300,0.8541666666666666,0.5416666666666666,0.8333333333333334,0.8333333333333334,0.5318629145622253,0.673392762778631
1,300,0.8958333333333334,0.6666666666666666,0.875,0.875,0.5105117559432983,0.6776180648555274
2,300,0.9427083333333334,0.8541666666666666,0.8958333333333334,0.8936170212765957,0.5326074361801147,0.5966305198306734
3,300,0.9547101449275363,0.8723404255319149,0.9148936170212766,0.9130434782608695,0.5097033977508545,0.6388278276020996
4,300,0.8885869565217391,0.723404255319149,0.8297872340425532,0.8260869565217391,0.5074304938316345,0.6817661637363043
