layer,class,n_weights,n_nonzero_weights,zero_fraction,min,max,suggested_hls_strategy
conv0,QConv2D,200,50,0.75,-0.3358284533023834,0.37715527415275574,Latency
conv1,QConv2D,1152,288,0.75,-0.2703346908092499,0.26397469639778137,Latency
conv2,QConv2D,3456,864,0.75,-0.21372024714946747,0.23400041460990906,Latency
conv3,QConv2D,5184,1296,0.75,-0.22278833389282227,0.2199317365884781,Latency
conv4,QConv2D,6912,1728,0.75,-0.18376131355762482,0.18469968438148499,Latency
output_dense,QDense,32,32,0.0,-0.32869043946266174,0.3266913592815399,Latency
