fold,final_epoch,val_roc_auc,val_accuracy,val_optimal_accuracy,val_optimal_f1,val_optimal_threshold,val_bce_loss
0,300,0.9913194444444444,0.9791666666666666,0.9791666666666666,0.9787234042553191,0.5321202874183655,0.20888160257808064
1,300,0.9826388888888888,0.9375,0.9375,0.9361702127659575,0.7485498189926147,0.16857100175039696
2,300,0.9878472222222222,0.9375,0.9375,0.9333333333333333,0.6221957206726074,0.18285396708408289
3,300,0.9963768115942029,0.9574468085106383,0.9787234042553191,0.9777777777777777,0.49181345105171204,0.14384374396102237
4,300,1.0,1.0,1.0,1.0,0.5267050862312317,0.13514791883529303
