layer,class,n_weights,n_nonzero_weights,zero_fraction,min,max,suggested_hls_strategy
conv0,QConv2D,200,150,0.25,-0.3309054672718048,0.39476051926612854,Latency
conv1,QConv2D,1152,864,0.25,-0.24458691477775574,0.2810600996017456,Latency
conv2,QConv2D,3456,2592,0.25,-0.1945101022720337,0.2588803172111511,Latency
conv3,QConv2D,5184,3888,0.25,-0.2039612978696823,0.18632404506206512,Latency
conv4,QConv2D,6912,5184,0.25,-0.2521406412124634,0.2484370917081833,Resource
conv5,QConv2D,9216,6912,0.25,-0.23113279044628143,0.203988716006279,Resource
output_dense,QDense,32,32,0.0,-0.31917425990104675,0.3210678994655609,Latency
