fold,final_epoch,val_roc_auc,val_accuracy,val_optimal_accuracy,val_optimal_f1,val_optimal_threshold,val_bce_loss
0,300,0.9288194444444444,0.7916666666666666,0.875,0.8636363636363636,0.6888923645019531,0.489237297526945
1,300,0.9513888888888888,0.8958333333333334,0.8958333333333334,0.9019607843137255,0.48299646377563477,0.39466738342419455
2,300,0.9565972222222223,0.8958333333333334,0.9166666666666666,0.92,0.48772868514060974,0.3422344700083919
3,300,0.9583333333333335,0.8936170212765957,0.9148936170212766,0.9090909090909091,0.5309624075889587,0.41377519211773195
4,300,0.9583333333333333,0.8723404255319149,0.8936170212765957,0.8888888888888888,0.5621505975723267,0.40241379643862774
