layer,class,n_weights,n_nonzero_weights,zero_fraction,min,max,suggested_hls_strategy
conv0,Conv2D,200,200,0.0,-0.3441837728023529,0.4035356938838959,Latency
conv1,Conv2D,1152,1152,0.0,-0.2838294208049774,0.31900736689567566,Latency
conv2,Conv2D,3456,3456,0.0,-0.2796775996685028,0.2752187252044678,Latency
conv3,Conv2D,5184,5184,0.0,-0.1990513801574707,0.2327980101108551,Resource
output_dense,Dense,24,24,0.0,-0.39956992864608765,0.4423840343952179,Latency
