fold,final_epoch,val_roc_auc,val_accuracy,val_optimal_accuracy,val_optimal_f1,val_optimal_threshold,val_bce_loss
0,300,0.9895833333333334,0.9375,0.9583333333333334,0.9583333333333334,0.422087699174881,0.2655840021356157
1,300,0.9704861111111112,0.8958333333333334,0.9375,0.9411764705882353,0.6411977410316467,0.2990531814443677
2,300,1.0,0.9375,1.0,1.0,0.42679932713508606,0.19190620869614924
3,300,0.9945652173913043,0.7659574468085106,0.9787234042553191,0.9777777777777777,0.8308687806129456,0.4253540116707483
4,300,0.9818840579710145,0.9148936170212766,0.9574468085106383,0.9565217391304348,0.6184348464012146,0.25018835298104
