layer,class,n_weights,n_nonzero_weights,zero_fraction,min,max,suggested_hls_strategy
conv0,QConv2D,200,200,0.0,-0.32453498244285583,0.402671217918396,Latency
conv1,QConv2D,1152,1152,0.0,-0.25530457496643066,0.2961452603340149,Latency
conv2,QConv2D,3456,3456,0.0,-0.18375535309314728,0.23823300004005432,Latency
conv3,QConv2D,5184,5184,0.0,-0.21728119254112244,0.3130819797515869,Resource
conv4,QConv2D,6912,6912,0.0,-0.19035173952579498,0.19717317819595337,Resource
output_dense,QDense,32,32,0.0,-0.3438299894332886,0.353262722492218,Latency
