{
  "accuracy": 0.7815126050420168,
  "balanced_accuracy": 0.7815126050420168,
  "bce_loss": 0.4937756359577179,
  "benign_log_loss": 0.4777706826739907,
  "benign_mean_score": 0.3636142909526825,
  "brier_score": 0.1594322334460005,
  "candidate": "cnn_small_hls_opt_img128",
  "confusion_matrix": [
    [
      98,
      21
    ],
    [
      31,
      88
    ]
  ],
  "ece": 0.12469915419566531,
  "f1": 0.7719298245614035,
  "folds": [
    0,
    1,
    2,
    3,
    4
  ],
  "log_loss": 0.4937756047595424,
  "mcc": 0.5650237440200637,
  "optimal_accuracy": 0.8025210084033614,
  "optimal_f1": 0.8156862745098039,
  "optimal_threshold": 0.43974733352661133,
  "pr_auc": 0.890855912774725,
  "precision": 0.8073394495412844,
  "recall": 0.7394957983193278,
  "roc_auc": 0.8832356472000565,
  "stage": "qat",
  "standalone_log_loss": 0.5097805268450941,
  "standalone_mean_score": 0.6239952445030212
}