fold,final_epoch,val_roc_auc,val_accuracy,val_optimal_accuracy,val_optimal_f1,val_optimal_threshold,val_bce_loss
0,300,0.9522569444444444,0.6666666666666666,0.9166666666666666,0.9230769230769231,0.3890821635723114,0.5815820167481357
1,300,0.9305555555555556,0.5,0.9166666666666666,0.9090909090909091,0.35064369440078735,0.6428677548690115
2,300,0.984375,0.8541666666666666,0.9791666666666666,0.9795918367346939,0.45217305421829224,0.5779925557797989
3,300,0.980072463768116,0.5957446808510638,0.9787234042553191,0.9777777777777777,0.43098536133766174,0.6139221149972359
4,300,1.0,0.9361702127659575,1.0,1.0,0.37433314323425293,0.3652287483619961
