layer,class,n_weights,n_nonzero_weights,zero_fraction,min,max,suggested_hls_strategy
conv0,QConv2D,200,200,0.0,-0.34804487228393555,0.4098401665687561,Latency
conv1,QConv2D,1152,1152,0.0,-0.3482643663883209,0.36887022852897644,Latency
conv2,QConv2D,3456,3456,0.0,-0.22572237253189087,0.2739467918872833,Latency
conv3,QConv2D,5184,5184,0.0,-0.49315348267555237,0.4803515076637268,Resource
conv4,QConv2D,6912,6912,0.0,-0.5055913925170898,0.5602309107780457,Resource
output_dense,QDense,32,32,0.0,-0.3346976935863495,0.3108403980731964,Latency
