fold,final_epoch,val_roc_auc,val_accuracy,val_optimal_accuracy,val_optimal_f1,val_optimal_threshold,val_bce_loss
0,300,0.9895833333333334,0.8125,0.9583333333333334,0.9565217391304348,0.6387014985084534,0.4546870305312702
1,300,0.9704861111111112,0.9375,0.9583333333333334,0.9583333333333334,0.4844382107257843,0.405284691952778
2,300,0.9913194444444444,0.9166666666666666,0.9583333333333334,0.9583333333333334,0.4377005100250244,0.342066462667856
3,300,0.9583333333333334,0.8297872340425532,0.9148936170212766,0.9166666666666666,0.39315518736839294,0.47343808948164157
4,300,0.9619565217391304,0.8297872340425532,0.9361702127659575,0.9361702127659575,0.5704584717750549,0.4619381823049135
