layer,class,n_weights,n_nonzero_weights,zero_fraction,min,max,suggested_hls_strategy
conv0,QConv2D,200,150,0.25,-0.32686856389045715,0.403034508228302,Latency
conv1,QConv2D,1152,864,0.25,-0.27304327487945557,0.33180052042007446,Latency
conv2,QConv2D,3456,2592,0.25,-0.27264297008514404,0.268375426530838,Latency
conv3,QConv2D,5184,3888,0.25,-0.25053614377975464,0.20319697260856628,Latency
output_dense,QDense,24,24,0.0,-0.4114224314689636,0.44392523169517517,Latency
