fold,final_epoch,val_roc_auc,val_accuracy,val_optimal_accuracy,val_optimal_f1,val_optimal_threshold,val_bce_loss
0,300,1.0,0.9583333333333334,1.0,1.0,0.37652280926704407,0.19869330803235172
1,300,0.9947916666666666,0.9583333333333334,0.9583333333333334,0.9583333333333334,0.7889187932014465,0.21218143245134083
2,300,0.9965277777777778,0.9583333333333334,0.9791666666666666,0.9795918367346939,0.24552568793296814,0.11054551490760416
3,300,0.9927536231884058,0.9574468085106383,0.9574468085106383,0.9583333333333334,0.4370725154876709,0.37252281070694887
4,300,1.0,0.9574468085106383,1.0,1.0,0.49606332182884216,0.19601953129419844
