layer,class,n_weights,n_nonzero_weights,zero_fraction,min,max,suggested_hls_strategy
conv0,QConv2D,200,200,0.0,-0.31965872645378113,0.39641228318214417,Latency
conv1,QConv2D,1152,1152,0.0,-0.2537961006164551,0.2986694276332855,Latency
conv2,QConv2D,3456,3456,0.0,-0.20169192552566528,0.23794052004814148,Latency
conv3,QConv2D,5184,5184,0.0,-0.17267051339149475,0.2148164063692093,Resource
conv4,QConv2D,6912,6912,0.0,-0.19320429861545563,0.21868211030960083,Resource
output_dense,QDense,32,32,0.0,-0.3739790618419647,0.37001726031303406,Latency
