{
  "accuracy": 0.865546218487395,
  "balanced_accuracy": 0.865546218487395,
  "bce_loss": 0.4271450340747833,
  "benign_log_loss": 0.46710893372492845,
  "benign_mean_score": 0.3608037531375885,
  "brier_score": 0.12914901454442326,
  "candidate": "cnn_small_hls_opt_img512",
  "confusion_matrix": [
    [
      100,
      19
    ],
    [
      13,
      106
    ]
  ],
  "ece": 0.1813255151530274,
  "f1": 0.8688524590163934,
  "folds": [
    0,
    1,
    2,
    3,
    4
  ],
  "log_loss": 0.4271450340293144,
  "mcc": 0.732023501726308,
  "optimal_accuracy": 0.8781512605042017,
  "optimal_f1": 0.867579908675799,
  "optimal_threshold": 0.5704584717750549,
  "pr_auc": 0.9590753607165062,
  "precision": 0.848,
  "recall": 0.8907563025210085,
  "roc_auc": 0.9538874373278723,
  "stage": "pruned_qat",
  "standalone_log_loss": 0.38718113433370016,
  "standalone_mean_score": 0.6954500675201416
}