fold,final_epoch,val_roc_auc,val_accuracy,val_optimal_accuracy,val_optimal_f1,val_optimal_threshold,val_bce_loss
0,300,0.9930555555555556,0.9791666666666666,0.9791666666666666,0.9787234042553191,0.6283183693885803,0.13197402641799535
1,300,0.984375,0.9166666666666666,0.9375,0.9361702127659575,0.34579193592071533,0.1809373673152411
2,300,0.9930555555555556,0.9375,0.9583333333333334,0.9583333333333334,0.3730396330356598,0.12628398446022218
3,300,0.9963768115942029,0.9574468085106383,0.9787234042553191,0.9777777777777777,0.6948081851005554,0.11722424670035217
4,300,1.0,1.0,1.0,1.0,0.6763970851898193,0.07469936687487726
