layer,class,n_weights,n_nonzero_weights,zero_fraction,min,max,suggested_hls_strategy
conv0,Conv2D,200,200,0.0,-0.37890926003456116,0.39147549867630005,Latency
conv1,Conv2D,1152,1152,0.0,-0.2481907457113266,0.2848508954048157,Latency
conv2,Conv2D,3456,3456,0.0,-0.23854680359363556,0.23906207084655762,Latency
conv3,Conv2D,5184,5184,0.0,-0.22650708258152008,0.24299180507659912,Resource
conv4,Conv2D,6912,6912,0.0,-0.3545019328594208,0.3707391023635864,Resource
conv5,Conv2D,9216,9216,0.0,-0.22868019342422485,0.19718457758426666,Resource
output_dense,Dense,32,32,0.0,-0.3651483654975891,0.34714415669441223,Latency
