layer,class,n_weights,n_nonzero_weights,zero_fraction,min,max,suggested_hls_strategy
conv0,Conv2D,200,200,0.0,-0.37520843744277954,0.36836254596710205,Latency
conv1,Conv2D,1152,1152,0.0,-0.286775141954422,0.32672759890556335,Latency
conv2,Conv2D,3456,3456,0.0,-0.23957833647727966,0.2632540464401245,Latency
conv3,Conv2D,5184,5184,0.0,-0.23717285692691803,0.2359669953584671,Resource
conv4,Conv2D,6912,6912,0.0,-0.22696442902088165,0.2337922602891922,Resource
conv5,Conv2D,9216,9216,0.0,-0.23029856383800507,0.26954105496406555,Resource
output_dense,Dense,32,32,0.0,-0.3603624105453491,0.4538451135158539,Latency
