fold,final_epoch,val_roc_auc,val_accuracy,val_optimal_accuracy,val_optimal_f1,val_optimal_threshold,val_bce_loss
0,1,0.9930555555555556,0.9583333333333334,0.9791666666666666,0.9787234042553191,0.7364538908004761,0.1400117129087448
1,1,0.9739583333333334,0.9375,0.9375,0.9387755102040817,0.6167194247245789,0.1998034566640854
2,1,0.9913194444444444,0.9375,0.9583333333333334,0.96,0.7031769752502441,0.18104088306427002
3,1,0.9963768115942029,0.9574468085106383,0.9787234042553191,0.9787234042553191,0.31991761922836304,0.16717544198036194
4,1,0.9927536231884059,0.9148936170212766,0.9574468085106383,0.9583333333333334,0.44290757179260254,0.16387072205543518
