fold,final_epoch,val_roc_auc,val_accuracy,val_optimal_accuracy,val_optimal_f1,val_optimal_threshold,val_bce_loss
0,300,1.0,0.9791666666666666,1.0,1.0,0.4835512936115265,0.0471644646798571
1,300,1.0,0.9791666666666666,1.0,1.0,0.08394135534763336,0.06436543927217524
2,300,1.0,0.9791666666666666,1.0,1.0,0.13714899122714996,0.05437783028416258
3,300,0.9927536231884058,0.9148936170212766,0.9574468085106383,0.9583333333333334,0.9085448384284973,0.23964874883274612
4,300,0.996376811594203,0.9787234042553191,0.9787234042553191,0.9787234042553191,0.5660580396652222,0.10054517180678692
