{
  "accuracy": 0.7436974789915967,
  "balanced_accuracy": 0.7436974789915967,
  "bce_loss": 0.5304144620895386,
  "benign_log_loss": 0.5745363237746482,
  "benign_mean_score": 0.4222031831741333,
  "brier_score": 0.17365189880367857,
  "candidate": "cnn_small_hls_opt_img512",
  "confusion_matrix": [
    [
      80,
      39
    ],
    [
      22,
      97
    ]
  ],
  "ece": 0.18032413445600942,
  "f1": 0.7607843137254902,
  "folds": [
    0,
    1,
    2,
    3,
    4
  ],
  "log_loss": 0.5304144722007994,
  "mcc": 0.4924458178382102,
  "optimal_accuracy": 0.7815126050420168,
  "optimal_f1": 0.7475728155339806,
  "optimal_threshold": 0.6075758337974548,
  "pr_auc": 0.8828902529699014,
  "precision": 0.7132352941176471,
  "recall": 0.8151260504201681,
  "roc_auc": 0.8728903326036297,
  "stage": "qat",
  "standalone_log_loss": 0.4862926206269505,
  "standalone_mean_score": 0.6262617111206055
}