{
  "accuracy": 0.7941176470588235,
  "balanced_accuracy": 0.7941176470588235,
  "bce_loss": 0.515293300151825,
  "benign_log_loss": 0.5505185709007403,
  "benign_mean_score": 0.40580105781555176,
  "brier_score": 0.16805079095443803,
  "candidate": "cnn_small_hls_opt_img128",
  "confusion_matrix": [
    [
      91,
      28
    ],
    [
      21,
      98
    ]
  ],
  "ece": 0.13741871110406245,
  "f1": 0.8,
  "folds": [
    0,
    1,
    2,
    3,
    4
  ],
  "log_loss": 0.5152932604405409,
  "mcc": 0.5892556509887896,
  "optimal_accuracy": 0.7983193277310925,
  "optimal_f1": 0.7857142857142857,
  "optimal_threshold": 0.5398930311203003,
  "pr_auc": 0.8806552158022134,
  "precision": 0.7777777777777778,
  "recall": 0.8235294117647058,
  "roc_auc": 0.866676082197585,
  "stage": "qat",
  "standalone_log_loss": 0.48006794998034147,
  "standalone_mean_score": 0.6389864683151245
}