{
  "accuracy": 0.6470588235294118,
  "balanced_accuracy": 0.6470588235294118,
  "bce_loss": 0.6731998920440674,
  "benign_log_loss": 0.6437466752658345,
  "benign_mean_score": 0.47440943121910095,
  "brier_score": 0.24004958455687306,
  "candidate": "cnn_small_hls_opt_img256",
  "confusion_matrix": [
    [
      115,
      4
    ],
    [
      80,
      39
    ]
  ],
  "ece": 0.12613995373249054,
  "f1": 0.48148148148148145,
  "folds": [
    0,
    1,
    2,
    3,
    4
  ],
  "log_loss": 0.6731999050590417,
  "mcc": 0.3822227306972438,
  "optimal_accuracy": 0.7310924369747899,
  "optimal_f1": 0.75,
  "optimal_threshold": 0.4824291169643402,
  "pr_auc": 0.7991292278533143,
  "precision": 0.9069767441860465,
  "recall": 0.3277310924369748,
  "roc_auc": 0.7923875432525951,
  "stage": "qat",
  "standalone_log_loss": 0.7026531348522487,
  "standalone_mean_score": 0.4956477880477905
}