{
  "accuracy": 0.8739495798319328,
  "balanced_accuracy": 0.8739495798319328,
  "bce_loss": 0.37842950224876404,
  "benign_log_loss": 0.41408467871776095,
  "benign_mean_score": 0.321557879447937,
  "brier_score": 0.11185942050769591,
  "candidate": "cnn_small_hls_opt_img1024",
  "confusion_matrix": [
    [
      105,
      14
    ],
    [
      16,
      103
    ]
  ],
  "ece": 0.15000901458894506,
  "f1": 0.8728813559322034,
  "folds": [
    0,
    1,
    2,
    3,
    4
  ],
  "log_loss": 0.3784295127295234,
  "mcc": 0.7480048100612938,
  "optimal_accuracy": 0.8907563025210085,
  "optimal_f1": 0.8951612903225806,
  "optimal_threshold": 0.4652373492717743,
  "pr_auc": 0.9586239114807389,
  "precision": 0.8803418803418803,
  "recall": 0.865546218487395,
  "roc_auc": 0.9581950427229715,
  "stage": "float",
  "standalone_log_loss": 0.3427743467412859,
  "standalone_mean_score": 0.7324438095092773
}