{
  "accuracy": 0.9243697478991597,
  "balanced_accuracy": 0.9243697478991597,
  "bce_loss": 0.16696010529994965,
  "benign_log_loss": 0.14911860792150333,
  "benign_mean_score": 0.1131581962108612,
  "brier_score": 0.048868982825236065,
  "candidate": "cnn_small_hls_opt_img256",
  "confusion_matrix": [
    [
      111,
      8
    ],
    [
      10,
      109
    ]
  ],
  "ece": 0.03518488741785037,
  "f1": 0.923728813559322,
  "folds": [
    0,
    1,
    2,
    3,
    4
  ],
  "log_loss": 0.1669600867728041,
  "mcc": 0.8488593911931537,
  "optimal_accuracy": 0.9369747899159664,
  "optimal_f1": 0.9382716049382716,
  "optimal_threshold": 0.3555794656276703,
  "pr_auc": 0.9866567613696229,
  "precision": 0.9316239316239316,
  "recall": 0.9159663865546218,
  "roc_auc": 0.985029305839983,
  "stage": "float",
  "standalone_log_loss": 0.18480156562410494,
  "standalone_mean_score": 0.8797585368156433
}