transform,n,mean_diff,min_diff,max_diff,mae,pearson_corr,hw_mean,hls_mean
A_identity,48,3.1136067708333335,2.453125,3.703125,3.1136067708333335,0.9794374848093746,4.086588541666667,0.9729817708333334
B_reverse_lanes,48,3.2174479166666665,2.390625,4.296875,3.2174479166666665,0.9654114575727001,4.1904296875,0.9729817708333334
C_byteswap,48,-4.040364583333333,-7.1875,-1.265625,4.040364583333333,0.11806918318757792,-3.0673828125,0.9729817708333334
D_lanes_byteswap,48,-4.037434895833333,-7.1875,-1.265625,4.037434895833333,-0.18118993108282158,-3.064453125,0.9729817708333334
E_full_bitreversal,48,-4.015625,-7.1875,-1.265625,4.015625,-0.14682169270169934,-3.0426432291666665,0.9729817708333334
F_rev_64b_subwords,48,3.5152994791666665,2.796875,4.265625,3.5152994791666665,0.9725105180527884,4.48828125,0.9729817708333334
G_rev_128b_subwords,48,3.4029947916666665,2.765625,3.984375,3.4029947916666665,0.9788629658124021,4.3759765625,0.9729817708333334
H_bitrev_each_lane,48,-4.016276041666667,-7.1875,-1.09375,4.016276041666667,-0.29073106040913704,-3.0432942708333335,0.9729817708333334
