fold,final_epoch,val_roc_auc,val_accuracy,val_optimal_accuracy,val_optimal_f1,val_optimal_threshold,val_bce_loss
0,300,0.9131944444444444,0.625,0.875,0.88,0.36931508779525757,0.6156917355249903
1,300,0.9774305555555556,0.8125,0.9375,0.9387755102040817,0.2825919985771179,0.3461897880814864
2,300,0.9670138888888888,0.8125,0.9166666666666666,0.9166666666666666,0.45035937428474426,0.38963803958426996
3,300,0.9710144927536232,0.9148936170212766,0.9148936170212766,0.9166666666666666,0.4709799289703369,0.44118752991952365
4,300,0.9764492753623188,0.8936170212765957,0.9148936170212766,0.9090909090909091,0.6913931965827942,0.2708443392375204
