layer,class,n_weights,n_nonzero_weights,zero_fraction,min,max,suggested_hls_strategy
conv0,QConv2D,200,200,0.0,-0.3671361804008484,0.4049358069896698,Latency
conv1,QConv2D,1152,1152,0.0,-0.26532265543937683,0.3052613139152527,Latency
conv2,QConv2D,3456,3456,0.0,-0.20901817083358765,0.23177509009838104,Latency
conv3,QConv2D,5184,5184,0.0,-0.157518208026886,0.16926085948944092,Resource
conv4,QConv2D,6912,6912,0.0,-0.15382693707942963,0.16185183823108673,Resource
output_dense,QDense,32,32,0.0,-0.32399532198905945,0.33905932307243347,Latency
