{
  "accuracy": 0.5126050420168067,
  "balanced_accuracy": 0.5126050420168067,
  "bce_loss": 0.690324068069458,
  "benign_log_loss": 0.7145265605241743,
  "benign_mean_score": 0.5101324319839478,
  "brier_score": 0.24859237811023285,
  "candidate": "cnn_small_hls_opt_img64",
  "confusion_matrix": [
    [
      26,
      93
    ],
    [
      23,
      96
    ]
  ],
  "ece": 0.012096772299093358,
  "f1": 0.6233766233766234,
  "folds": [
    0,
    1,
    2,
    3,
    4
  ],
  "log_loss": 0.6903241325429849,
  "mcc": 0.031173984319427483,
  "optimal_accuracy": 0.542016806722689,
  "optimal_f1": 0.660436137071651,
  "optimal_threshold": 0.4902356266975403,
  "pr_auc": 0.554584035676622,
  "precision": 0.5079365079365079,
  "recall": 0.8067226890756303,
  "roc_auc": 0.5408516347715557,
  "stage": "qat",
  "standalone_log_loss": 0.6661217045617953,
  "standalone_mean_score": 0.5140610337257385
}