fold,n,original_accuracy,hls_accuracy,accuracy_delta_hls_minus_original,original_balanced_accuracy,hls_balanced_accuracy,original_pr_auc,hls_pr_auc,original_bce_loss,hls_bce_loss,logit_mae,logit_max_abs,sign_mismatches
0,48,0.958333333,0.937500000,-0.020833333,0.958333333,0.937500000,0.994047619,0.994047619,0.140011713,0.142126083,0.067738533,0.098373413,1
1,48,0.937500000,0.916666667,-0.020833333,0.937500000,0.916666667,0.973239866,0.973239866,0.199803457,0.201534390,0.093295097,0.126617432,1
2,48,0.937500000,0.937500000,0.000000000,0.937500000,0.937500000,0.991649944,0.991649944,0.181040883,0.187975809,0.083306313,0.125320435,0
3,47,0.957446809,0.957446809,0.000000000,0.956521739,0.956521739,0.996298047,0.996298047,0.167175442,0.163883790,0.065760186,0.100723267,0
4,47,0.914893617,0.936170213,0.021276596,0.915760870,0.936594203,0.993247166,0.993247166,0.163870722,0.162458658,0.070734227,0.099578857,1
pooled,238,0.941176471,0.936974790,-0.004201681,0.941176471,0.936974790,0.986520867,0.986216541,0.170421258,0.171666533,0.076233423,0.126617432,3
