fold,final_epoch,val_roc_auc,val_accuracy,val_optimal_accuracy,val_optimal_f1,val_optimal_threshold,val_bce_loss
0,300,0.9861111111111112,0.9375,0.9583333333333334,0.9565217391304348,0.6979658007621765,0.16517356069137654
1,300,0.9565972222222221,0.875,0.875,0.8571428571428571,0.5172287821769714,0.3395041152834892
2,300,1.0,0.9166666666666666,1.0,1.0,0.2461608648300171,0.15302414198716482
3,300,1.0,1.0,1.0,1.0,0.599229097366333,0.11900991772083526
4,300,0.9981884057971014,0.9787234042553191,0.9787234042553191,0.9787234042553191,0.5069937705993652,0.14297746058474195
