fold,final_epoch,val_roc_auc,val_accuracy,val_optimal_accuracy,val_optimal_f1,val_optimal_threshold,val_bce_loss
0,300,0.6041666666666666,0.5208333333333334,0.6458333333333334,0.5641025641025641,0.49121183156967163,0.6913767856917993
1,300,0.7534722222222223,0.5625,0.7291666666666666,0.6829268292682927,0.4746311902999878,0.6743829794183914
2,300,0.7881944444444444,0.5,0.8125,0.8301886792452831,0.4436004161834717,0.6824700947571826
3,300,0.42844202898550726,0.48936170212765956,0.5531914893617021,0.3225806451612903,0.5496405959129333,0.6999844591506219
4,300,0.6657608695652174,0.5531914893617021,0.6382978723404256,0.7017543859649122,0.4746311902999878,0.689600932296418
