fold,final_epoch,val_roc_auc,val_accuracy,val_optimal_accuracy,val_optimal_f1,val_optimal_threshold,val_bce_loss
0,300,0.9305555555555555,0.5,0.8958333333333334,0.8936170212765957,0.5414694547653198,0.6737756168878409
1,300,0.9071180555555556,0.8333333333333334,0.8541666666666666,0.8372093023255814,0.5061032176017761,0.6713773429847375
2,300,0.921875,0.7708333333333334,0.875,0.8636363636363636,0.4874904155731201,0.6588071203745076
3,300,0.9184782608695652,0.851063829787234,0.8936170212765957,0.8837209302325582,0.5093982815742493,0.6645238234113615
4,300,0.8922101449275361,0.7021276595744681,0.851063829787234,0.8444444444444444,0.5150710940361023,0.6727730368219345
