fold,final_epoch,val_roc_auc,val_accuracy,val_optimal_accuracy,val_optimal_f1,val_optimal_threshold,val_bce_loss
0,300,0.6927083333333333,0.5,0.6875,0.5454545454545454,0.6113819479942322,0.6868204349782147
1,300,0.9244791666666666,0.8541666666666666,0.875,0.8695652173913043,0.46879062056541443,0.4993529376459093
2,300,0.7526041666666667,0.5,0.7291666666666666,0.6829268292682927,0.6076631546020508,0.6853180355442019
3,300,0.9710144927536232,0.9574468085106383,0.9574468085106383,0.9565217391304348,0.5428633093833923,0.41294953227154596
4,300,0.8233695652173912,0.7659574468085106,0.7659574468085106,0.717948717948718,0.562176525592804,0.5119270924778007
