layer,class,n_weights,n_nonzero_weights,zero_fraction,min,max,suggested_hls_strategy
conv0,QConv2D,200,200,0.0,-0.3317740857601166,0.40187010169029236,Latency
conv1,QConv2D,1152,1152,0.0,-0.25373080372810364,0.28433722257614136,Latency
conv2,QConv2D,3456,3456,0.0,-0.17209085822105408,0.21459899842739105,Latency
conv3,QConv2D,5184,5184,0.0,-0.13861364126205444,0.15133634209632874,Resource
conv4,QConv2D,6912,6912,0.0,-0.15318913757801056,0.14438919723033905,Resource
conv5,QConv2D,9216,9216,0.0,-0.14825592935085297,0.149799644947052,Resource
output_dense,QDense,32,32,0.0,-0.2902071475982666,0.29680517315864563,Latency
