fold,final_epoch,val_roc_auc,val_accuracy,val_optimal_accuracy,val_optimal_f1,val_optimal_threshold,val_bce_loss
0,300,0.7578125,0.5,0.7291666666666666,0.6666666666666666,0.543347954750061,0.6874722781779307
1,300,0.5026041666666666,0.5416666666666666,0.5625,0.6557377049180327,0.4990234375,0.6931369581320433
2,300,0.7473958333333334,0.6666666666666666,0.7083333333333334,0.7083333333333334,0.49560558795928955,0.6864390151093965
3,300,0.7119565217391305,0.5957446808510638,0.723404255319149,0.6666666666666666,0.48730742931365967,0.682455418984801
4,300,0.8442028985507246,0.6808510638297872,0.7659574468085106,0.7555555555555555,0.49218812584877014,0.6791060383859794
