fold,final_epoch,val_roc_auc,val_accuracy,val_optimal_accuracy,val_optimal_f1,val_optimal_threshold,val_bce_loss
0,1,0.9921875000000001,0.9166666666666666,0.9583333333333334,0.9583333333333334,0.7634837627410889,0.20572179555892944
1,1,0.9835069444444444,0.9375,0.9583333333333334,0.9583333333333334,0.7217432260513306,0.22081245481967926
2,1,0.9817708333333334,0.9166666666666666,0.9166666666666666,0.9090909090909091,0.7826624512672424,0.1809750348329544
3,1,0.9945652173913043,0.8297872340425532,0.9787234042553191,0.9787234042553191,0.22270013391971588,0.2906787693500519
4,1,0.9891304347826086,0.9148936170212766,0.9574468085106383,0.9583333333333334,0.44167301058769226,0.17474818229675293
