fold,best_epoch,val_roc_auc,val_accuracy,val_optimal_accuracy,val_optimal_f1,val_optimal_threshold,val_bce_loss
0,70,0.9878472222222221,0.9791666666666666,0.9791666666666666,0.9787234042553191,0.5034880042076111,0.3044413700699806
1,293,0.998263888888889,0.9791666666666666,0.9791666666666666,0.9787234042553191,0.564179003238678,0.11682681615153949
2,69,1.0,1.0,1.0,1.0,0.5034738779067993,0.45038697123527527
3,84,0.9945652173913043,0.9787234042553191,0.9787234042553191,0.9777777777777777,0.5522223114967346,0.28754293221108457
4,202,1.0,1.0,1.0,1.0,0.5105049014091492,0.10364828417275815
