fold,final_epoch,val_roc_auc,val_accuracy,val_optimal_accuracy,val_optimal_f1,val_optimal_threshold,val_bce_loss
0,300,0.982638888888889,0.7916666666666666,0.9375,0.9361702127659575,0.44625338912010193,0.5358454220161207
1,300,0.9479166666666667,0.8541666666666666,0.8958333333333334,0.8888888888888888,0.3535955846309662,0.4016423720626583
2,300,0.9947916666666667,0.8958333333333334,0.9791666666666666,0.9795918367346939,0.7297605872154236,0.34043017204602916
3,300,0.8677536231884059,0.5957446808510638,0.8297872340425532,0.84,0.3091801404953003,0.6165356298447922
4,300,0.9909420289855073,0.851063829787234,0.9787234042553191,0.9787234042553191,0.43224310874938965,0.4665737653833525
