layer,class,n_weights,n_nonzero_weights,zero_fraction,min,max,suggested_hls_strategy
conv0,QConv2D,200,200,0.0,-0.3361375331878662,0.4058641493320465,Latency
conv1,QConv2D,1152,1152,0.0,-0.2748962342739105,0.29821187257766724,Latency
conv2,QConv2D,3456,3456,0.0,-0.20831060409545898,0.2632924020290375,Latency
conv3,QConv2D,5184,5184,0.0,-0.19622422754764557,0.17539894580841064,Resource
conv4,QConv2D,6912,6912,0.0,-0.2257283478975296,0.18552683293819427,Resource
output_dense,QDense,32,32,0.0,-0.3313702940940857,0.3444821238517761,Latency
