fold,final_epoch,val_roc_auc,val_accuracy,val_optimal_accuracy,val_optimal_f1,val_optimal_threshold,val_bce_loss
0,300,0.998263888888889,0.9791666666666666,0.9791666666666666,0.9787234042553191,0.6158391237258911,0.16568281598133774
1,300,0.9635416666666666,0.875,0.8958333333333334,0.9019607843137255,0.6639333963394165,0.27883991651341383
2,300,0.998263888888889,0.9375,0.9791666666666666,0.9787234042553191,0.8183233141899109,0.17630631365112223
3,300,0.9981884057971014,0.9361702127659575,0.9787234042553191,0.9787234042553191,0.31987905502319336,0.20424480777784723
4,300,1.0,0.9148936170212766,1.0,1.0,0.30960437655448914,0.1763738460957593
