layer,class,n_weights,n_nonzero_weights,zero_fraction,min,max,suggested_hls_strategy
conv0,Conv2D,200,200,0.0,-0.33595940470695496,0.39831891655921936,Latency
conv1,Conv2D,1152,1152,0.0,-0.3492147624492645,0.3034001886844635,Latency
conv2,Conv2D,3456,3456,0.0,-0.2202838808298111,0.30293625593185425,Latency
conv3,Conv2D,5184,5184,0.0,-0.18545426428318024,0.24582833051681519,Resource
conv4,Conv2D,6912,6912,0.0,-0.189565971493721,0.2119051218032837,Resource
output_dense,Dense,32,32,0.0,-0.3458203375339508,0.37645697593688965,Latency
