{
  "accuracy": 0.7773109243697479,
  "balanced_accuracy": 0.7773109243697479,
  "bce_loss": 0.6303734183311462,
  "benign_log_loss": 0.6276617292968264,
  "benign_mean_score": 0.4644090533256531,
  "brier_score": 0.2188750704903351,
  "candidate": "cnn_small_hls_opt_img128",
  "confusion_matrix": [
    [
      93,
      26
    ],
    [
      27,
      92
    ]
  ],
  "ece": 0.2311156364549108,
  "f1": 0.7763713080168776,
  "folds": [
    0,
    1,
    2,
    3,
    4
  ],
  "log_loss": 0.6303734654401211,
  "mcc": 0.5546414324985718,
  "optimal_accuracy": 0.7941176470588235,
  "optimal_f1": 0.7632850241545893,
  "optimal_threshold": 0.520890474319458,
  "pr_auc": 0.872713814426769,
  "precision": 0.7796610169491526,
  "recall": 0.773109243697479,
  "roc_auc": 0.8593672763222937,
  "stage": "qat",
  "standalone_log_loss": 0.6330852015834157,
  "standalone_mean_score": 0.5329510569572449
}