fold,final_epoch,val_roc_auc,val_accuracy,val_optimal_accuracy,val_optimal_f1,val_optimal_threshold,val_bce_loss
0,300,0.6284722222222222,0.5208333333333334,0.7083333333333334,0.75,0.5195212960243225,0.6859796431014601
1,300,0.7256944444444445,0.6666666666666666,0.7083333333333334,0.6111111111111112,0.5273165106773376,0.6534451862375952
2,300,0.6527777777777778,0.6458333333333334,0.6458333333333334,0.45161290322580644,0.5039061903953552,0.6785589350527449
3,300,0.6875,0.6170212765957447,0.6382978723404256,0.711864406779661,0.45713672041893005,0.6798495627647433
4,300,0.8623188405797101,0.6382978723404256,0.8085106382978723,0.8163265306122449,0.5544704794883728,0.644828653377625
