layer,class,n_weights,n_nonzero_weights,zero_fraction,min,max,suggested_hls_strategy
conv0,QConv2D,200,200,0.0,-0.3550873100757599,0.3933955729007721,Latency
conv1,QConv2D,1152,1152,0.0,-0.22789426147937775,0.2812182903289795,Latency
conv2,QConv2D,3456,3456,0.0,-0.1743292212486267,0.1831093728542328,Latency
conv3,QConv2D,5184,5184,0.0,-0.13980820775032043,0.14020638167858124,Resource
conv4,QConv2D,6912,6912,0.0,-0.13448485732078552,0.13718655705451965,Resource
output_dense,QDense,32,32,0.0,-0.2832109034061432,0.2902059853076935,Latency
