fold,final_epoch,val_roc_auc,val_accuracy,val_optimal_accuracy,val_optimal_f1,val_optimal_threshold,val_bce_loss
0,300,0.8819444444444444,0.5416666666666666,0.8333333333333334,0.8333333333333334,0.5130277276039124,0.6843056779413047
1,300,0.8663194444444445,0.7708333333333334,0.7916666666666666,0.7368421052631579,0.5064511299133301,0.6865787796268316
2,300,0.8819444444444444,0.75,0.8333333333333334,0.8,0.5055835247039795,0.6827962198424484
3,300,0.8840579710144927,0.5106382978723404,0.8297872340425532,0.8095238095238095,0.5153828263282776,0.6835998610642711
4,300,0.9166666666666666,0.8297872340425532,0.8723404255319149,0.8695652173913043,0.502090334892273,0.6843457647949065
