fold,final_epoch,val_roc_auc,val_accuracy,val_optimal_accuracy,val_optimal_f1,val_optimal_threshold,val_bce_loss
0,300,0.9270833333333333,0.8541666666666666,0.8958333333333334,0.8936170212765957,0.48936623334884644,0.4670938327660202
1,300,0.9548611111111112,0.875,0.8958333333333334,0.8888888888888888,0.5655537247657776,0.3499975150660219
2,300,0.9565972222222221,0.875,0.8958333333333334,0.8936170212765957,0.602792501449585,0.3529254125904056
3,300,0.9710144927536232,0.9361702127659575,0.9574468085106383,0.9545454545454546,0.49237120151519775,0.40153965523502866
4,300,0.9565217391304348,0.8936170212765957,0.9148936170212766,0.9130434782608695,0.5491117835044861,0.32659580562789653
