layer,class,n_weights,n_nonzero_weights,zero_fraction,min,max,suggested_hls_strategy
conv0,QConv2D,200,100,0.5,-0.3909596800804138,0.3930712342262268,Latency
conv1,QConv2D,1152,576,0.5,-0.25127771496772766,0.30887898802757263,Latency
conv2,QConv2D,3456,1728,0.5,-0.23039846122264862,0.28755348920822144,Latency
conv3,QConv2D,5184,2592,0.5,-0.18665219843387604,0.22266726195812225,Latency
conv4,QConv2D,6912,3456,0.5,-0.22157271206378937,0.20909011363983154,Latency
output_dense,QDense,32,32,0.0,-0.3658522665500641,0.372945636510849,Latency
