fold,final_epoch,val_roc_auc,val_accuracy,val_optimal_accuracy,val_optimal_f1,val_optimal_threshold,val_bce_loss
0,300,0.5998263888888888,0.625,0.6458333333333334,0.6382978723404256,0.5195212960243225,0.6783134739273096
1,300,0.8211805555555556,0.6875,0.75,0.7142857142857143,0.6959583163261414,0.6031179634682798
2,300,0.771701388888889,0.7083333333333334,0.75,0.7692307692307693,0.5660185217857361,0.6209179905681615
3,300,0.7554347826086957,0.7021276595744681,0.723404255319149,0.6829268292682927,0.49609383940696716,0.6181621537413241
4,300,0.8949275362318841,0.6808510638297872,0.8723404255319149,0.8695652173913043,0.4073334038257599,0.5910104092203257
