layer,class,n_weights,n_nonzero_weights,zero_fraction,min,max,suggested_hls_strategy
conv0,QConv2D,200,200,0.0,-0.3720279335975647,0.4193522334098816,Latency
conv1,QConv2D,1152,1152,0.0,-0.29055216908454895,0.30840373039245605,Latency
conv2,QConv2D,3456,3456,0.0,-0.20612922310829163,0.22011466324329376,Latency
conv3,QConv2D,5184,5184,0.0,-0.14809809625148773,0.16293847560882568,Resource
conv4,QConv2D,6912,6912,0.0,-0.18936604261398315,0.1876133382320404,Resource
output_dense,QDense,32,32,0.0,-0.2949868440628052,0.34480488300323486,Latency
