fold,final_epoch,val_roc_auc,val_accuracy,val_optimal_accuracy,val_optimal_f1,val_optimal_threshold,val_bce_loss
0,300,0.9895833333333334,0.5625,0.9583333333333334,0.9565217391304348,0.6752361059188843,0.6010684252895487
1,300,0.9756944444444444,0.6458333333333334,0.9583333333333334,0.9583333333333334,0.6099380850791931,0.5441502314660589
2,300,0.9965277777777778,0.875,0.9791666666666666,0.9795918367346939,0.4344537854194641,0.45346098299304294
3,300,0.9547101449275361,0.7872340425531915,0.8936170212765957,0.8888888888888888,0.43056631088256836,0.5419461406209015
4,300,0.9746376811594203,0.851063829787234,0.9361702127659575,0.9361702127659575,0.4559176564216614,0.5112883672852382
