layer,class,n_weights,n_nonzero_weights,zero_fraction,min,max,suggested_hls_strategy
conv0,QConv2D,200,200,0.0,-0.33011558651924133,0.40268397331237793,Latency
conv1,QConv2D,1152,1152,0.0,-0.26735860109329224,0.3158649504184723,Latency
conv2,QConv2D,3456,3456,0.0,-0.23237305879592896,0.20766951143741608,Latency
conv3,QConv2D,5184,5184,0.0,-0.22124746441841125,0.18164660036563873,Resource
output_dense,QDense,24,24,0.0,-0.38038739562034607,0.4027440845966339,Latency
