{
  "cpu_accuracy": 0.8835616438356164,
  "hls_accuracy": 0.8767123287671232,
  "logit_mae": 0.11730121076107025,
  "logit_max_abs": 0.509765625,
  "n": 146,
  "passed": false,
  "prediction_agreement": 0.9931506849315068,
  "sign_mismatches": 1,
  "tolerance": 0.2
}