fold,final_epoch,val_roc_auc,val_accuracy,val_optimal_accuracy,val_optimal_f1,val_optimal_threshold,val_bce_loss
0,300,0.9895833333333334,0.7708333333333334,0.9583333333333334,0.9565217391304348,0.7432463765144348,0.41430459356452215
1,300,0.9722222222222222,0.8958333333333334,0.9166666666666666,0.9166666666666666,0.5623140931129456,0.3375807547726133
2,300,0.9913194444444444,0.9375,0.9583333333333334,0.96,0.4975452721118927,0.27085405152938735
3,300,0.9746376811594203,0.8723404255319149,0.9361702127659575,0.9361702127659575,0.42088788747787476,0.39732208150853193
4,300,0.9764492753623188,0.8723404255319149,0.9361702127659575,0.9411764705882353,0.3795922100543976,0.36205306946086707
