layer,class,n_weights,n_nonzero_weights,zero_fraction,min,max,suggested_hls_strategy
conv0,Conv2D,200,200,0.0,-0.3239472508430481,0.40519440174102783,Latency
conv1,Conv2D,1152,1152,0.0,-0.254805326461792,0.3248460292816162,Latency
conv2,Conv2D,3456,3456,0.0,-0.244454026222229,0.2555791735649109,Latency
conv3,Conv2D,5184,5184,0.0,-0.2465115785598755,0.20558209717273712,Resource
output_dense,Dense,24,24,0.0,-0.4162677824497223,0.35301724076271057,Latency
