{
  "accuracy": 0.5966386554621849,
  "balanced_accuracy": 0.596638655462185,
  "bce_loss": 0.685763418674469,
  "benign_log_loss": 0.6908289245520634,
  "benign_mean_score": 0.4983167350292206,
  "brier_score": 0.24631616570751455,
  "candidate": "cnn_small_hls_opt_img128",
  "confusion_matrix": [
    [
      73,
      46
    ],
    [
      50,
      69
    ]
  ],
  "ece": 0.07924816851355448,
  "f1": 0.5897435897435898,
  "folds": [
    0,
    1,
    2,
    3,
    4
  ],
  "log_loss": 0.6857634675464548,
  "mcc": 0.19338659204748357,
  "optimal_accuracy": 0.6218487394957983,
  "optimal_f1": 0.64,
  "optimal_threshold": 0.4975586235523224,
  "pr_auc": 0.6084071712346928,
  "precision": 0.6,
  "recall": 0.5798319327731093,
  "roc_auc": 0.6283101475884472,
  "stage": "qat",
  "standalone_log_loss": 0.6806980105408462,
  "standalone_mean_score": 0.5067412853240967
}