fold,final_epoch,val_roc_auc,val_accuracy,val_optimal_accuracy,val_optimal_f1,val_optimal_threshold,val_bce_loss
0,300,0.9861111111111112,0.8958333333333334,0.9375,0.9333333333333333,0.3181914985179901,0.31634024779001874
1,300,0.9913194444444444,0.9166666666666666,0.9791666666666666,0.9795918367346939,0.3690859079360962,0.12815649062395096
2,300,0.998263888888889,0.9583333333333334,0.9791666666666666,0.9787234042553191,0.9628873467445374,0.17770541040226817
3,300,0.9963768115942029,0.9787234042553191,0.9787234042553191,0.9777777777777777,0.6366925239562988,0.11673197403867194
4,300,0.9945652173913043,0.9361702127659575,0.9787234042553191,0.9787234042553191,0.7911177277565002,0.1417915974842741
