{
  "accuracy": 0.634453781512605,
  "balanced_accuracy": 0.634453781512605,
  "bce_loss": 0.6701975464820862,
  "benign_log_loss": 0.6698939833130017,
  "benign_mean_score": 0.48564648628234863,
  "brier_score": 0.23862167610346272,
  "candidate": "cnn_small_hls_opt_img256",
  "confusion_matrix": [
    [
      72,
      47
    ],
    [
      40,
      79
    ]
  ],
  "ece": 0.09638985199462466,
  "f1": 0.6448979591836734,
  "folds": [
    0,
    1,
    2,
    3,
    4
  ],
  "log_loss": 0.6701975911743422,
  "mcc": 0.2693740118805895,
  "optimal_accuracy": 0.6386554621848739,
  "optimal_f1": 0.6692307692307692,
  "optimal_threshold": 0.49218812584877014,
  "pr_auc": 0.6045365666997587,
  "precision": 0.626984126984127,
  "recall": 0.6638655462184874,
  "roc_auc": 0.655250335428289,
  "stage": "qat",
  "standalone_log_loss": 0.6705011990356826,
  "standalone_mean_score": 0.5130258798599243
}