{
  "accuracy": 0.819327731092437,
  "balanced_accuracy": 0.819327731092437,
  "bce_loss": 0.42459914088249207,
  "benign_log_loss": 0.4577421342637836,
  "benign_mean_score": 0.3244978189468384,
  "brier_score": 0.13625225586956446,
  "candidate": "cnn_small_hls_opt_img128",
  "confusion_matrix": [
    [
      95,
      24
    ],
    [
      19,
      100
    ]
  ],
  "ece": 0.07665385675280036,
  "f1": 0.823045267489712,
  "folds": [
    0,
    1,
    2,
    3,
    4
  ],
  "log_loss": 0.4245991546726815,
  "mcc": 0.6392199547398645,
  "optimal_accuracy": 0.8319327731092437,
  "optimal_f1": 0.8319327731092437,
  "optimal_threshold": 0.5259824991226196,
  "pr_auc": 0.9053338369370715,
  "precision": 0.8064516129032258,
  "recall": 0.8403361344537815,
  "roc_auc": 0.8920273991949721,
  "stage": "float",
  "standalone_log_loss": 0.39145617508157926,
  "standalone_mean_score": 0.7274709939956665
}