{
  "accuracy": 0.8361344537815126,
  "balanced_accuracy": 0.8361344537815125,
  "bce_loss": 0.3895547688007355,
  "benign_log_loss": 0.4179187166661501,
  "benign_mean_score": 0.3209083080291748,
  "brier_score": 0.11724648077662689,
  "candidate": "cnn_small_hls_opt_img512",
  "confusion_matrix": [
    [
      102,
      17
    ],
    [
      22,
      97
    ]
  ],
  "ece": 0.1376431328596688,
  "f1": 0.8326180257510729,
  "folds": [
    0,
    1,
    2,
    3,
    4
  ],
  "log_loss": 0.38955477014327605,
  "mcc": 0.6728631102524889,
  "optimal_accuracy": 0.865546218487395,
  "optimal_f1": 0.8558558558558559,
  "optimal_threshold": 0.5553749203681946,
  "pr_auc": 0.948317177326397,
  "precision": 0.8508771929824561,
  "recall": 0.8151260504201681,
  "roc_auc": 0.9461196243203163,
  "stage": "pruned_qat",
  "standalone_log_loss": 0.36119082362040195,
  "standalone_mean_score": 0.7205682992935181
}