{
  "accuracy": 0.9369747899159664,
  "balanced_accuracy": 0.9369747899159664,
  "bce_loss": 0.12496431916952133,
  "benign_log_loss": 0.12909959295654808,
  "benign_mean_score": 0.055690523236989975,
  "brier_score": 0.03905951033362288,
  "candidate": "cnn_small_hls_opt_img256",
  "confusion_matrix": [
    [
      113,
      6
    ],
    [
      9,
      110
    ]
  ],
  "ece": 0.039319418965517966,
  "f1": 0.9361702127659575,
  "folds": [
    0,
    1,
    2,
    3,
    4
  ],
  "log_loss": 0.1249643418917712,
  "mcc": 0.8742274308808126,
  "optimal_accuracy": 0.9621848739495799,
  "optimal_f1": 0.963265306122449,
  "optimal_threshold": 0.24202123284339905,
  "pr_auc": 0.9907090468763732,
  "precision": 0.9482758620689655,
  "recall": 0.9243697478991597,
  "roc_auc": 0.991172939764141,
  "stage": "float",
  "standalone_log_loss": 0.1208290908269943,
  "standalone_mean_score": 0.9237228035926819
}