fold,final_epoch,val_roc_auc,val_accuracy,val_optimal_accuracy,val_optimal_f1,val_optimal_threshold,val_bce_loss
0,300,0.8975694444444444,0.8333333333333334,0.8541666666666666,0.8627450980392157,0.4899229407310486,0.5182156847911004
1,300,0.8871527777777778,0.7916666666666666,0.8125,0.7804878048780488,0.4702652394771576,0.512938109836849
2,300,0.8697916666666667,0.8125,0.8125,0.7804878048780488,0.6656211614608765,0.5216639040292254
3,300,0.898550724637681,0.8085106382978723,0.8297872340425532,0.8333333333333334,0.4481394588947296,0.47805765077660384
4,300,0.9112318840579711,0.723404255319149,0.851063829787234,0.8727272727272727,0.5398930311203003,0.5454433363510451
