layer,class,n_weights,n_nonzero_weights,zero_fraction,min,max,suggested_hls_strategy
conv0,QConv2D,200,200,0.0,-0.3713265657424927,0.4026673436164856,Latency
conv1,QConv2D,1152,1152,0.0,-0.27439266443252563,0.30728471279144287,Latency
conv2,QConv2D,3456,3456,0.0,-0.23250731825828552,0.23108744621276855,Latency
conv3,QConv2D,5184,5184,0.0,-0.1952734887599945,0.22878484427928925,Resource
output_dense,QDense,24,24,0.0,-0.3939143717288971,0.4113200008869171,Latency
