{
  "accuracy": 0.5504201680672269,
  "balanced_accuracy": 0.5504201680672269,
  "bce_loss": 0.6884506344795227,
  "benign_log_loss": 0.7323948220459943,
  "benign_mean_score": 0.516829252243042,
  "brier_score": 0.24764938201306655,
  "candidate": "cnn_small_hls_opt_img256",
  "confusion_matrix": [
    [
      32,
      87
    ],
    [
      20,
      99
    ]
  ],
  "ece": 0.027189434325995562,
  "f1": 0.6491803278688525,
  "folds": [
    0,
    1,
    2,
    3,
    4
  ],
  "log_loss": 0.688450679377163,
  "mcc": 0.12201777521731261,
  "optimal_accuracy": 0.5546218487394958,
  "optimal_f1": 0.5619834710743802,
  "optimal_threshold": 0.5156199336051941,
  "pr_auc": 0.5552954425734524,
  "precision": 0.532258064516129,
  "recall": 0.8319327731092437,
  "roc_auc": 0.569698467622343,
  "stage": "qat",
  "standalone_log_loss": 0.6445065367083315,
  "standalone_mean_score": 0.527336835861206
}