fold,final_epoch,val_roc_auc,val_accuracy,val_optimal_accuracy,val_optimal_f1,val_optimal_threshold,val_bce_loss
0,300,0.9913194444444444,0.9166666666666666,0.9583333333333334,0.9583333333333334,0.7138810157775879,0.20758156478405
1,300,0.984375,0.9375,0.9583333333333334,0.9583333333333334,0.7214980125427246,0.2176327258348465
2,300,0.984375,0.9166666666666666,0.9375,0.9333333333333333,0.6312530040740967,0.17032963037490845
3,300,0.9945652173913043,0.8297872340425532,0.9574468085106383,0.9583333333333334,0.19272899627685547,0.2903384268283844
4,300,0.9909420289855072,0.9361702127659575,0.9574468085106383,0.9583333333333334,0.34742599725723267,0.1883440613746643
