fold,final_epoch,val_roc_auc,val_accuracy,val_optimal_accuracy,val_optimal_f1,val_optimal_threshold,val_bce_loss
0,300,0.7439236111111112,0.5,0.7291666666666666,0.7547169811320755,0.5510905981063843,0.6901753256376914
1,300,0.9166666666666666,0.7708333333333334,0.8541666666666666,0.8372093023255814,0.5146442651748657,0.6483141347537628
2,300,0.9826388888888888,0.9166666666666666,0.9375,0.9333333333333333,0.49951171875,0.6247233812788987
3,300,0.766304347826087,0.48936170212765956,0.7446808510638298,0.75,0.5131805539131165,0.6895326290298297
4,300,0.9039855072463768,0.6382978723404256,0.851063829787234,0.8627450980392157,0.5539879202842712,0.6454145661529456
