layer,class,n_weights,n_nonzero_weights,zero_fraction,min,max,suggested_hls_strategy
conv0,QConv2D,200,200,0.0,-0.42735496163368225,0.5035393834114075,Latency
conv1,QConv2D,1152,1152,0.0,-0.6223779916763306,0.6338284015655518,Latency
conv2,QConv2D,3456,3456,0.0,-0.5356947183609009,0.5849750638008118,Latency
conv3,QConv2D,5184,5184,0.0,-0.4997500777244568,0.4802781045436859,Resource
output_dense,QDense,24,24,0.0,-0.4366897940635681,0.4346383810043335,Latency
