{
  "accuracy": 0.8025210084033614,
  "balanced_accuracy": 0.8025210084033614,
  "bce_loss": 0.42932790517807007,
  "benign_log_loss": 0.47795292611493007,
  "benign_mean_score": 0.3450358211994171,
  "brier_score": 0.13635845509969183,
  "candidate": "cnn_small_hls_opt_img128",
  "confusion_matrix": [
    [
      91,
      28
    ],
    [
      19,
      100
    ]
  ],
  "ece": 0.08604872635244822,
  "f1": 0.8097165991902834,
  "folds": [
    0,
    1,
    2,
    3,
    4
  ],
  "log_loss": 0.42932786652936034,
  "mcc": 0.6067798762169179,
  "optimal_accuracy": 0.8361344537815126,
  "optimal_f1": 0.8296943231441049,
  "optimal_threshold": 0.5462540984153748,
  "pr_auc": 0.9114071949403265,
  "precision": 0.78125,
  "recall": 0.8403361344537815,
  "roc_auc": 0.8990184309017725,
  "stage": "qat",
  "standalone_log_loss": 0.38070280694379055,
  "standalone_mean_score": 0.7210524082183838
}