fold,final_epoch,val_roc_auc,val_accuracy,val_optimal_accuracy,val_optimal_f1,val_optimal_threshold,val_bce_loss
0,300,0.884548611111111,0.5,0.8333333333333334,0.8518518518518519,0.5156199336051941,0.6901357119081978
1,300,0.9010416666666667,0.6666666666666666,0.875,0.88,0.5583270192146301,0.6171801553204294
2,300,0.7534722222222222,0.6666666666666666,0.7291666666666666,0.7450980392156863,0.45883363485336304,0.6304137020967144
3,300,0.9030797101449275,0.6382978723404256,0.851063829787234,0.851063829787234,0.5421361327171326,0.645990348268327
4,300,0.9673913043478262,0.8936170212765957,0.9148936170212766,0.92,0.4931644797325134,0.6378727135008321
