layer,class,n_weights,n_nonzero_weights,zero_fraction,min,max,suggested_hls_strategy
conv0,QConv2D,200,200,0.0,-0.4633350670337677,0.4578673839569092,Latency
conv1,QConv2D,1152,1152,0.0,-0.607594907283783,0.627088725566864,Latency
conv2,QConv2D,3456,3456,0.0,-0.5324022769927979,0.5383567214012146,Latency
conv3,QConv2D,5184,5184,0.0,-0.46283960342407227,0.4594753682613373,Resource
conv4,QConv2D,6912,6912,0.0,-0.4645381569862366,0.4657478332519531,Resource
conv5,QConv2D,9216,9216,0.0,-0.43877798318862915,0.42891547083854675,Resource
output_dense,QDense,32,32,0.0,-0.3836435079574585,0.3966276943683624,Latency
