fold,final_epoch,val_roc_auc,val_accuracy,val_optimal_accuracy,val_optimal_f1,val_optimal_threshold,val_bce_loss
0,300,0.9548611111111112,0.7708333333333334,0.8958333333333334,0.8888888888888888,0.3666464388370514,0.4393995827548622
1,300,0.9756944444444444,0.9375,0.9583333333333334,0.9583333333333334,0.488329142332077,0.25617279985852925
2,300,0.9652777777777777,0.8333333333333334,0.9166666666666666,0.92,0.7297605872154236,0.3377335217258705
3,300,0.9746376811594204,0.9148936170212766,0.9574468085106383,0.9565217391304348,0.5365102291107178,0.2815150974202487
4,300,0.9710144927536233,0.8936170212765957,0.9361702127659575,0.9387755102040817,0.3662779927253723,0.29082848212381224
