layer,class,n_weights,n_nonzero_weights,zero_fraction,min,max,suggested_hls_strategy
conv0,QConv2D,200,200,0.0,-0.36223456263542175,0.40171051025390625,Latency
conv1,QConv2D,1152,1152,0.0,-0.24970975518226624,0.3010140359401703,Latency
conv2,QConv2D,3456,3456,0.0,-0.24515385925769806,0.2685897648334503,Latency
conv3,QConv2D,5184,5184,0.0,-0.18083469569683075,0.18117649853229523,Resource
conv4,QConv2D,6912,6912,0.0,-0.1825266182422638,0.17167216539382935,Resource
output_dense,QDense,32,32,0.0,-0.3419789671897888,0.35215041041374207,Latency
