{
  "accuracy": 0.8697478991596639,
  "balanced_accuracy": 0.8697478991596639,
  "bce_loss": 0.35622745752334595,
  "benign_log_loss": 0.4065065167102862,
  "benign_mean_score": 0.313738077878952,
  "brier_score": 0.1046764326344665,
  "candidate": "cnn_small_hls_opt_img512",
  "confusion_matrix": [
    [
      101,
      18
    ],
    [
      13,
      106
    ]
  ],
  "ece": 0.13402668906360116,
  "f1": 0.8724279835390947,
  "folds": [
    0,
    1,
    2,
    3,
    4
  ],
  "log_loss": 0.35622740970570427,
  "mcc": 0.7401494212777379,
  "optimal_accuracy": 0.8865546218487395,
  "optimal_f1": 0.8906882591093117,
  "optimal_threshold": 0.477409690618515,
  "pr_auc": 0.9646190049676251,
  "precision": 0.8548387096774194,
  "recall": 0.8907563025210085,
  "roc_auc": 0.9625732645999576,
  "stage": "float",
  "standalone_log_loss": 0.30594830270112233,
  "standalone_mean_score": 0.7579190731048584
}