{
  "accuracy": 0.680672268907563,
  "balanced_accuracy": 0.680672268907563,
  "bce_loss": 0.6825968623161316,
  "benign_log_loss": 0.6943404445773403,
  "benign_mean_score": 0.500495433807373,
  "brier_score": 0.2447280186543503,
  "candidate": "cnn_small_hls_opt_img64",
  "confusion_matrix": [
    [
      54,
      65
    ],
    [
      11,
      108
    ]
  ],
  "ece": 0.17080721077548355,
  "f1": 0.7397260273972602,
  "folds": [
    0,
    1,
    2,
    3,
    4
  ],
  "log_loss": 0.6825968919334668,
  "mcc": 0.405498008563379,
  "optimal_accuracy": 0.7563025210084033,
  "optimal_f1": 0.7661290322580645,
  "optimal_threshold": 0.5044646859169006,
  "pr_auc": 0.7788217127452985,
  "precision": 0.6242774566473989,
  "recall": 0.907563025210084,
  "roc_auc": 0.7918226113975001,
  "stage": "float",
  "standalone_log_loss": 0.6708533392895931,
  "standalone_mean_score": 0.5113617181777954
}