{
  "accuracy": 0.8739495798319328,
  "balanced_accuracy": 0.8739495798319328,
  "bce_loss": 0.4948686957359314,
  "benign_log_loss": 0.5209078327339957,
  "benign_mean_score": 0.39878150820732117,
  "brier_score": 0.15616272493983824,
  "candidate": "cnn_small_hls_opt_img512",
  "confusion_matrix": [
    [
      105,
      14
    ],
    [
      16,
      103
    ]
  ],
  "ece": 0.24291732109018735,
  "f1": 0.8728813559322034,
  "folds": [
    0,
    1,
    2,
    3,
    4
  ],
  "log_loss": 0.49486870155771573,
  "mcc": 0.7480048100612938,
  "optimal_accuracy": 0.8823529411764706,
  "optimal_f1": 0.8833333333333333,
  "optimal_threshold": 0.4926167130470276,
  "pr_auc": 0.9537900106387998,
  "precision": 0.8803418803418803,
  "recall": 0.865546218487395,
  "roc_auc": 0.9470376385848457,
  "stage": "pruned_qat",
  "standalone_log_loss": 0.4688295703814358,
  "standalone_mean_score": 0.6360173225402832
}