{
  "accuracy": 0.5882352941176471,
  "balanced_accuracy": 0.5882352941176471,
  "bce_loss": 0.66878342628479,
  "benign_log_loss": 0.7016810480390739,
  "benign_mean_score": 0.5002391934394836,
  "brier_score": 0.23802700223046122,
  "candidate": "cnn_small_hls_opt_img256",
  "confusion_matrix": [
    [
      63,
      56
    ],
    [
      42,
      77
    ]
  ],
  "ece": 0.03780842910544211,
  "f1": 0.6111111111111112,
  "folds": [
    0,
    1,
    2,
    3,
    4
  ],
  "log_loss": 0.668783469707337,
  "mcc": 0.1777046633277277,
  "optimal_accuracy": 0.6134453781512605,
  "optimal_f1": 0.5779816513761468,
  "optimal_threshold": 0.5234203338623047,
  "pr_auc": 0.6346605459535419,
  "precision": 0.5789473684210527,
  "recall": 0.6470588235294118,
  "roc_auc": 0.6439516983263894,
  "stage": "qat",
  "standalone_log_loss": 0.6358858913755999,
  "standalone_mean_score": 0.5334603190422058
}