fold,final_epoch,val_roc_auc,val_accuracy,val_optimal_accuracy,val_optimal_f1,val_optimal_threshold,val_bce_loss
0,300,0.984375,0.7291666666666666,0.9375,0.9387755102040817,0.8367214202880859,0.5046508044877968
1,300,0.9791666666666666,0.7916666666666666,0.9375,0.9411764705882353,0.6038734316825867,0.37378184055405733
2,300,0.984375,0.9166666666666666,0.9375,0.9361702127659575,0.5418331027030945,0.39336746253409266
3,300,0.9800724637681159,0.9574468085106383,0.9574468085106383,0.9545454545454546,0.5034789443016052,0.4150963033544845
4,300,0.9764492753623188,0.9574468085106383,0.9574468085106383,0.9565217391304348,0.5032958388328552,0.2982329690414283
