layer,class,n_weights,n_nonzero_weights,zero_fraction,min,max,suggested_hls_strategy
conv0,QConv2D,200,100,0.5,-0.32379597425460815,0.3992787301540375,Latency
conv1,QConv2D,1152,576,0.5,-0.24197322130203247,0.3017589747905731,Latency
conv2,QConv2D,3456,1728,0.5,-0.22796879708766937,0.35332563519477844,Latency
conv3,QConv2D,5184,2592,0.5,-0.1957257091999054,0.24497206509113312,Latency
conv4,QConv2D,6912,3456,0.5,-0.20408013463020325,0.18250896036624908,Latency
output_dense,QDense,32,32,0.0,-0.33700448274612427,0.36386004090309143,Latency
