{
  "accuracy": 0.773109243697479,
  "balanced_accuracy": 0.773109243697479,
  "bce_loss": 0.501031756401062,
  "benign_log_loss": 0.5689603057434252,
  "benign_mean_score": 0.41332727670669556,
  "brier_score": 0.16316855852599943,
  "candidate": "cnn_small_hls_opt_img128",
  "confusion_matrix": [
    [
      84,
      35
    ],
    [
      19,
      100
    ]
  ],
  "ece": 0.14376248449807158,
  "f1": 0.7874015748031497,
  "folds": [
    0,
    1,
    2,
    3,
    4
  ],
  "log_loss": 0.501031743292948,
  "mcc": 0.551223672257683,
  "optimal_accuracy": 0.8025210084033614,
  "optimal_f1": 0.7853881278538812,
  "optimal_threshold": 0.5770058631896973,
  "pr_auc": 0.8935136392802147,
  "precision": 0.7407407407407407,
  "recall": 0.8403361344537815,
  "roc_auc": 0.8758562248428784,
  "stage": "float",
  "standalone_log_loss": 0.43310318084247085,
  "standalone_mean_score": 0.6712360978126526
}