{
  "accuracy": 0.8403361344537815,
  "balanced_accuracy": 0.8403361344537815,
  "bce_loss": 0.6110992431640625,
  "benign_log_loss": 0.6031834442557034,
  "benign_mean_score": 0.45090076327323914,
  "brier_score": 0.20942156332865655,
  "candidate": "cnn_small_hls_opt_img256",
  "confusion_matrix": [
    [
      104,
      15
    ],
    [
      23,
      96
    ]
  ],
  "ece": 0.2860108477478268,
  "f1": 0.8347826086956521,
  "folds": [
    0,
    1,
    2,
    3,
    4
  ],
  "log_loss": 0.6110992245125323,
  "mcc": 0.6822156360562189,
  "optimal_accuracy": 0.8571428571428571,
  "optimal_f1": 0.8482142857142857,
  "optimal_threshold": 0.5083804130554199,
  "pr_auc": 0.9180162833493583,
  "precision": 0.8648648648648649,
  "recall": 0.8067226890756303,
  "roc_auc": 0.9050914483440434,
  "stage": "float",
  "standalone_log_loss": 0.6190150047693612,
  "standalone_mean_score": 0.5406284332275391
}