{
  "accuracy": 0.5168067226890757,
  "balanced_accuracy": 0.5168067226890757,
  "bce_loss": 0.6883347630500793,
  "benign_log_loss": 0.6640085138700885,
  "benign_mean_score": 0.4818914830684662,
  "brier_score": 0.2476236321779313,
  "candidate": "cnn_small_hls_opt_img64",
  "confusion_matrix": [
    [
      77,
      42
    ],
    [
      73,
      46
    ]
  ],
  "ece": 0.034472322013197824,
  "f1": 0.4444444444444444,
  "folds": [
    0,
    1,
    2,
    3,
    4
  ],
  "log_loss": 0.6883347770490144,
  "mcc": 0.034815531191139566,
  "optimal_accuracy": 0.5630252100840336,
  "optimal_f1": 0.543859649122807,
  "optimal_threshold": 0.4882833957672119,
  "pr_auc": 0.5545292780175604,
  "precision": 0.5227272727272727,
  "recall": 0.3865546218487395,
  "roc_auc": 0.56062424969988,
  "stage": "qat",
  "standalone_log_loss": 0.7126610402279406,
  "standalone_mean_score": 0.4935361444950104
}