fold,final_epoch,val_roc_auc,val_accuracy,val_optimal_accuracy,val_optimal_f1,val_optimal_threshold,val_bce_loss
0,300,0.9635416666666667,0.8958333333333334,0.9166666666666666,0.9130434782608695,0.5072807669639587,0.5845021817920255
1,300,0.7543402777777778,0.5,0.75,0.7931034482758621,0.5095270276069641,0.6909279666474903
2,300,0.9479166666666666,0.875,0.8958333333333334,0.8888888888888888,0.5390267968177795,0.45566864146416924
3,300,0.9039855072463767,0.8085106382978723,0.8723404255319149,0.875,0.5184080600738525,0.6144461387467242
4,300,0.9728260869565217,0.9361702127659575,0.9361702127659575,0.9333333333333333,0.5008621215820312,0.6326256206728067
