layer,class,n_weights,n_nonzero_weights,zero_fraction,min,max,suggested_hls_strategy
conv0,QConv2D,200,50,0.75,-0.322083979845047,0.3731946647167206,Latency
conv1,QConv2D,1152,288,0.75,-0.25416675209999084,0.301045298576355,Latency
conv2,QConv2D,3456,864,0.75,-0.17250429093837738,0.2000572681427002,Latency
conv3,QConv2D,5184,1296,0.75,-0.17208373546600342,0.2767212986946106,Latency
conv4,QConv2D,6912,1728,0.75,-0.19064731895923615,0.20764903724193573,Latency
conv5,QConv2D,9216,2304,0.75,-0.15535715222358704,0.22048120200634003,Latency
output_dense,QDense,32,32,0.0,-0.3302515149116516,0.3307662606239319,Latency
