fold,final_epoch,val_roc_auc,val_accuracy,val_optimal_accuracy,val_optimal_f1,val_optimal_threshold,val_bce_loss
0,300,0.6362847222222222,0.625,0.625,0.625,0.5156199336051941,0.6809365837745451
1,300,0.6111111111111112,0.5833333333333334,0.6041666666666666,0.5128205128205128,0.5078118443489075,0.6775278338563823
2,300,0.48958333333333337,0.4583333333333333,0.5625,0.43243243243243246,0.5312093496322632,0.7053097171380663
3,300,0.6875000000000001,0.574468085106383,0.6595744680851063,0.6666666666666666,0.562176525592804,0.6708299052144827
4,300,0.6159420289855073,0.6170212765957447,0.6170212765957447,0.5263157894736842,0.5544704794883728,0.6797670978817226
