layer,class,n_weights,n_nonzero_weights,zero_fraction,min,max,suggested_hls_strategy
conv0,QConv2D,200,200,0.0,-0.3288603723049164,0.3566063940525055,Latency
conv1,QConv2D,1152,1152,0.0,-0.28052154183387756,0.27586326003074646,Latency
conv2,QConv2D,3456,3456,0.0,-0.22327281534671783,0.22704410552978516,Latency
conv3,QConv2D,5184,5184,0.0,-0.46494466066360474,0.4770553708076477,Resource
conv4,QConv2D,6912,6912,0.0,-0.48114028573036194,0.4694434702396393,Resource
output_dense,QDense,32,32,0.0,-0.31787198781967163,0.28775492310523987,Latency
