fold,final_epoch,val_roc_auc,val_accuracy,val_optimal_accuracy,val_optimal_f1,val_optimal_threshold,val_bce_loss
0,300,0.6657986111111112,0.6666666666666666,0.7083333333333334,0.7407407407407407,0.500244140625,0.6916931174254799
1,300,0.6597222222222222,0.5208333333333334,0.6666666666666666,0.68,0.5056149959564209,0.6900324575447662
2,300,0.828125,0.6666666666666666,0.8333333333333334,0.8095238095238095,0.5114725828170776,0.681241230533003
3,300,0.7653985507246376,0.5531914893617021,0.7446808510638298,0.7142857142857143,0.507323682308197,0.6871183498279942
4,300,0.8115942028985508,0.5106382978723404,0.7872340425531915,0.782608695652174,0.5355842709541321,0.6845366818096373
