{
  "accuracy": 0.8907563025210085,
  "balanced_accuracy": 0.8907563025210083,
  "bce_loss": 0.33508387207984924,
  "benign_log_loss": 0.35513729524595955,
  "benign_mean_score": 0.26813390851020813,
  "brier_score": 0.10014538750229941,
  "candidate": "cnn_small_hls_opt_img256",
  "confusion_matrix": [
    [
      105,
      14
    ],
    [
      12,
      107
    ]
  ],
  "ece": 0.1117929487074373,
  "f1": 0.8916666666666667,
  "folds": [
    0,
    1,
    2,
    3,
    4
  ],
  "log_loss": 0.3350838686463187,
  "mcc": 0.7816230037719137,
  "optimal_accuracy": 0.8907563025210085,
  "optimal_f1": 0.8907563025210085,
  "optimal_threshold": 0.5140191316604614,
  "pr_auc": 0.9538384744555906,
  "precision": 0.8842975206611571,
  "recall": 0.8991596638655462,
  "roc_auc": 0.9500035308240943,
  "stage": "pruned_qat",
  "standalone_log_loss": 0.31503044204667796,
  "standalone_mean_score": 0.7628615498542786
}