{
  "accuracy": 0.907563025210084,
  "balanced_accuracy": 0.9075630252100841,
  "bce_loss": 0.21463944017887115,
  "benign_log_loss": 0.19617978205708705,
  "benign_mean_score": 0.13848024606704712,
  "brier_score": 0.06514691489252096,
  "candidate": "cnn_small_hls_opt_img512",
  "confusion_matrix": [
    [
      110,
      9
    ],
    [
      13,
      106
    ]
  ],
  "ece": 0.06572228223241929,
  "f1": 0.905982905982906,
  "folds": [
    0,
    1,
    2,
    3,
    4
  ],
  "log_loss": 0.2146395353379744,
  "mcc": 0.8155869316785177,
  "model": "cnn_small_hls_opt_img512",
  "optimal_accuracy": 0.9159663865546218,
  "optimal_f1": 0.9193548387096774,
  "optimal_threshold": 0.34742599725723267,
  "pr_auc": 0.9757389501633971,
  "precision": 0.9217391304347826,
  "recall": 0.8907563025210085,
  "roc_auc": 0.9759197796765766,
  "stage": "qkeras_qat_w6_a6",
  "standalone_log_loss": 0.23309928861886164,
  "standalone_mean_score": 0.8331581354141235
}