fold,final_epoch,val_roc_auc,val_accuracy,val_optimal_accuracy,val_optimal_f1,val_optimal_threshold,val_bce_loss
0,300,0.4470486111111111,0.5208333333333334,0.5416666666666666,0.65625,0.4455295205116272,0.7014399459542532
1,300,0.6979166666666667,0.6041666666666666,0.7083333333333334,0.7083333333333334,0.562176525592804,0.660879155256954
2,300,0.5468749999999999,0.5208333333333334,0.5625,0.27586206896551724,0.562176525592804,0.6899372895388494
3,300,0.5452898550724639,0.5106382978723404,0.5957446808510638,0.5777777777777777,0.4843800961971283,0.6912441548615512
4,300,0.8251811594202898,0.6382978723404256,0.7872340425531915,0.7727272727272727,0.43014734983444214,0.6349367775295129
