layer,class,n_weights,n_nonzero_weights,zero_fraction,min,max,suggested_hls_strategy
conv0,QConv2D,200,200,0.0,-0.33424317836761475,0.3405134975910187,Latency
conv1,QConv2D,1152,1152,0.0,-0.2752508819103241,0.27262750267982483,Latency
conv2,QConv2D,3456,3456,0.0,-0.20503728091716766,0.21721838414669037,Latency
conv3,QConv2D,5184,5184,0.0,-0.47510623931884766,0.4643195569515228,Resource
conv4,QConv2D,6912,6912,0.0,-0.45998334884643555,0.4667912423610687,Resource
conv5,QConv2D,9216,9216,0.0,-0.4344354569911957,0.4283665418624878,Resource
output_dense,QDense,32,32,0.0,-0.30090537667274475,0.2943684160709381,Latency
