fold,final_epoch,val_roc_auc,val_accuracy,val_optimal_accuracy,val_optimal_f1,val_optimal_threshold,val_bce_loss
0,300,0.6354166666666667,0.6041666666666666,0.6458333333333334,0.6666666666666666,0.5029296278953552,0.6905951937928231
1,300,0.595486111111111,0.5416666666666666,0.6041666666666666,0.6545454545454545,0.4941408932209015,0.69112115260418
2,300,0.5564236111111112,0.5833333333333334,0.5833333333333334,0.5454545454545454,0.5,0.6929267901775794
3,300,0.7119565217391305,0.5531914893617021,0.7021276595744681,0.75,0.4931644797325134,0.6871318518918039
4,300,0.6974637681159421,0.5957446808510638,0.7021276595744681,0.6666666666666666,0.49609383940696716,0.6881077406709704
