fold,final_epoch,val_roc_auc,val_accuracy,val_optimal_accuracy,val_optimal_f1,val_optimal_threshold,val_bce_loss
0,300,0.9678819444444444,0.5208333333333334,0.9166666666666666,0.92,0.5457699298858643,0.663264168796743
1,300,0.7465277777777778,0.5416666666666666,0.7083333333333334,0.7407407407407407,0.5282900929450989,0.6775539214884798
2,300,0.8428819444444445,0.6875,0.8125,0.8,0.4834045469760895,0.6599859637156061
3,300,0.8405797101449275,0.6170212765957447,0.7872340425531915,0.8,0.48730742931365967,0.6823264242380561
4,300,0.9818840579710144,0.6808510638297872,0.9148936170212766,0.9130434782608695,0.5380124449729919,0.6312401128136097
