layer,class,n_weights,n_nonzero_weights,zero_fraction,min,max,suggested_hls_strategy
conv0,QConv2D,200,200,0.0,-0.465728223323822,0.48006728291511536,Latency
conv1,QConv2D,1152,1152,0.0,-0.5994482040405273,0.6379026174545288,Latency
conv2,QConv2D,3456,3456,0.0,-0.5222889184951782,0.6113511919975281,Latency
conv3,QConv2D,5184,5184,0.0,-0.46979820728302,0.5099586248397827,Resource
conv4,QConv2D,6912,6912,0.0,-0.5038504600524902,0.4819011390209198,Resource
output_dense,QDense,32,32,0.0,-0.43473020195961,0.39562323689460754,Latency
