{
  "accuracy": 0.6008403361344538,
  "balanced_accuracy": 0.6008403361344538,
  "bce_loss": 0.6715485453605652,
  "benign_log_loss": 0.7012590916837856,
  "benign_mean_score": 0.49652817845344543,
  "brier_score": 0.23950003196522807,
  "candidate": "cnn_small_hls_opt_img128",
  "confusion_matrix": [
    [
      56,
      63
    ],
    [
      32,
      87
    ]
  ],
  "ece": 0.05327498987943184,
  "f1": 0.6468401486988847,
  "folds": [
    0,
    1,
    2,
    3,
    4
  ],
  "log_loss": 0.6715485872073613,
  "mcc": 0.2088931871468374,
  "optimal_accuracy": 0.6302521008403361,
  "optimal_f1": 0.5849056603773585,
  "optimal_threshold": 0.5321820378303528,
  "pr_auc": 0.6125668709762242,
  "precision": 0.58,
  "recall": 0.7310924369747899,
  "roc_auc": 0.6382317632935527,
  "stage": "qat",
  "standalone_log_loss": 0.641838082730937,
  "standalone_mean_score": 0.5310971736907959
}