fold,final_epoch,val_roc_auc,val_accuracy,val_optimal_accuracy,val_optimal_f1,val_optimal_threshold,val_bce_loss
0,300,0.6284722222222222,0.5,0.625,0.6086956521739131,0.5813031196594238,0.6961057744418763
1,300,0.697048611111111,0.5,0.6458333333333334,0.6382978723404256,0.42250463366508484,0.6857249832373874
2,300,0.5546875,0.5208333333333334,0.5833333333333334,0.5454545454545454,0.46490156650543213,0.6944987617135819
3,300,0.6259057971014492,0.5319148936170213,0.5957446808510638,0.6885245901639344,0.4804786741733551,0.6815291877367752
4,300,0.6567028985507246,0.5319148936170213,0.6595744680851063,0.6521739130434783,0.49218812584877014,0.6835741612172341
