{
  "U55C hardware": {
    "accuracy": 0.8767123287671232,
    "balanced_accuracy": 0.875492957746479,
    "bce_loss": 0.3939627707004547,
    "pr_auc": 0.9614075558913746,
    "roc_auc": 0.9509859154929577
  },
  "hls4ml CPU": {
    "accuracy": 0.8767123287671232,
    "balanced_accuracy": 0.875492957746479,
    "bce_loss": 0.39314258098602295,
    "pr_auc": 0.9614075558913746,
    "roc_auc": 0.9509859154929577
  },
  "pruned_qat Keras CPU": {
    "accuracy": 0.8835616438356164,
    "balanced_accuracy": 0.8825352112676057,
    "bce_loss": 0.39377331733703613,
    "pr_auc": 0.9607155914251547,
    "roc_auc": 0.9504225352112675
  }
}