fold,final_epoch,val_roc_auc,val_accuracy,val_optimal_accuracy,val_optimal_f1,val_optimal_threshold,val_bce_loss
0,300,0.8385416666666666,0.5,0.7916666666666666,0.8076923076923077,0.5323035717010498,0.6837716585566119
1,300,0.84375,0.5833333333333334,0.8125,0.8,0.4881613850593567,0.6839359320521771
2,300,0.9409722222222222,0.8333333333333334,0.8958333333333334,0.8888888888888888,0.5025634765625,0.6820847269569034
3,300,0.951086956521739,0.6595744680851063,0.8936170212765957,0.8780487804878049,0.48011302947998047,0.6574702636266614
4,300,0.947463768115942,0.851063829787234,0.8936170212765957,0.9019607843137255,0.509276270866394,0.6590708043808834
