fold,final_epoch,val_roc_auc,val_accuracy,val_optimal_accuracy,val_optimal_f1,val_optimal_threshold,val_bce_loss
0,300,0.998263888888889,0.9791666666666666,0.9791666666666666,0.9787234042553191,0.8259100914001465,0.06652280223707041
1,300,0.9965277777777778,0.9583333333333334,0.9791666666666666,0.9795918367346939,0.9633777141571045,0.15374654158012782
2,300,1.0,0.9791666666666666,1.0,1.0,0.8778006434440613,0.03653230047703373
3,300,0.9981884057971014,0.9574468085106383,0.9787234042553191,0.9787234042553191,0.3419102728366852,0.05425088650856446
4,300,0.9981884057971014,0.9787234042553191,0.9787234042553191,0.9787234042553191,0.9420303702354431,0.045370213434706284
