layer,class,n_weights,n_nonzero_weights,zero_fraction,min,max,suggested_hls_strategy
conv0,Conv2D,200,200,0.0,-0.33106380701065063,0.40274685621261597,Latency
conv1,Conv2D,1152,1152,0.0,-0.23183538019657135,0.3030737042427063,Latency
conv2,Conv2D,3456,3456,0.0,-0.21027813851833344,0.2967207133769989,Latency
conv3,Conv2D,5184,5184,0.0,-0.19449742138385773,0.1872270256280899,Resource
conv4,Conv2D,6912,6912,0.0,-0.20647965371608734,0.20072762668132782,Resource
conv5,Conv2D,9216,9216,0.0,-0.2672504782676697,0.2203359305858612,Resource
conv6,Conv2D,9216,9216,0.0,-0.2282712757587433,0.21110890805721283,Resource
output_dense,Dense,32,32,0.0,-0.31852349638938904,0.359332412481308,Latency
