fold,final_epoch,val_roc_auc,val_accuracy,val_optimal_accuracy,val_optimal_f1,val_optimal_threshold,val_bce_loss
0,300,0.9409722222222222,0.8541666666666666,0.8958333333333334,0.8979591836734694,0.5144182443618774,0.610084581218751
1,300,0.9270833333333334,0.8333333333333334,0.8541666666666666,0.8292682926829268,0.4916265308856964,0.5871319049202587
2,300,0.9322916666666666,0.8333333333333334,0.8958333333333334,0.8837209302325582,0.5298798680305481,0.5446989387679532
3,300,0.9166666666666667,0.8085106382978723,0.851063829787234,0.8444444444444444,0.4946073293685913,0.6204984658011046
4,300,0.9492753623188406,0.8723404255319149,0.9148936170212766,0.9130434782608695,0.5235592722892761,0.604419725524416
