{
  "accuracy": 0.6890756302521008,
  "balanced_accuracy": 0.6890756302521008,
  "bce_loss": 0.6525898575782776,
  "benign_log_loss": 0.668539550276365,
  "benign_mean_score": 0.48544126749038696,
  "brier_score": 0.22993681270127952,
  "candidate": "cnn_small_hls_opt_img64",
  "confusion_matrix": [
    [
      76,
      43
    ],
    [
      31,
      88
    ]
  ],
  "ece": 0.1483046586523537,
  "f1": 0.704,
  "folds": [
    0,
    1,
    2,
    3,
    4
  ],
  "log_loss": 0.6525898522391204,
  "mcc": 0.3800887164906504,
  "optimal_accuracy": 0.7184873949579832,
  "optimal_f1": 0.7581227436823105,
  "optimal_threshold": 0.4816976487636566,
  "pr_auc": 0.746180823848051,
  "precision": 0.6717557251908397,
  "recall": 0.7394957983193278,
  "roc_auc": 0.76089259233105,
  "stage": "qat",
  "standalone_log_loss": 0.6366401542018758,
  "standalone_mean_score": 0.531312108039856
}