fold,final_epoch,val_roc_auc,val_accuracy,val_optimal_accuracy,val_optimal_f1,val_optimal_threshold,val_bce_loss
0,300,1.0,0.9583333333333334,1.0,1.0,0.2437272071838379,0.06394899161216244
1,300,0.9965277777777778,0.9375,0.9791666666666666,0.9795918367346939,0.45479196310043335,0.08214039082510187
2,300,0.9774305555555556,0.9166666666666666,0.9166666666666666,0.9130434782608695,0.967568576335907,0.24545029873384752
3,300,0.9945652173913044,0.9574468085106383,0.9787234042553191,0.9787234042553191,0.7298405170440674,0.08726569055140522
4,300,0.996376811594203,0.9148936170212766,0.9787234042553191,0.9787234042553191,0.24202123284339905,0.14566210534099203
