layer,class,n_weights,n_nonzero_weights,zero_fraction,min,max,suggested_hls_strategy
conv0,Conv2D,200,200,0.0,-0.3681817650794983,0.3937956988811493,Latency
conv1,Conv2D,1152,1152,0.0,-0.26794004440307617,0.27975523471832275,Latency
conv2,Conv2D,3456,3456,0.0,-0.25550052523612976,0.247804656624794,Latency
conv3,Conv2D,5184,5184,0.0,-0.19232147932052612,0.215021550655365,Resource
conv4,Conv2D,6912,6912,0.0,-0.1914149671792984,0.21494770050048828,Resource
conv5,Conv2D,9216,9216,0.0,-0.22842976450920105,0.2369837909936905,Resource
conv6,Conv2D,9216,9216,0.0,-0.18146853148937225,0.19170339405536652,Resource
output_dense,Dense,32,32,0.0,-0.3155284523963928,0.4037417471408844,Latency
