fold,final_epoch,val_roc_auc,val_accuracy,val_optimal_accuracy,val_optimal_f1,val_optimal_threshold,val_bce_loss
0,300,0.9340277777777778,0.8958333333333334,0.8958333333333334,0.8936170212765957,0.5050352215766907,0.4078987423819904
1,300,0.9739583333333335,0.8333333333333334,0.9375,0.9387755102040817,0.6916666030883789,0.37346045189532723
2,300,0.96875,0.9166666666666666,0.9166666666666666,0.92,0.4252023994922638,0.2801423211057969
3,300,0.963768115942029,0.9148936170212766,0.9361702127659575,0.9302325581395349,0.526038408279419,0.32842206284880415
4,300,0.9692028985507246,0.8936170212765957,0.8936170212765957,0.8888888888888888,0.5814664959907532,0.28429895792201454
