layer,class,n_weights,n_nonzero_weights,zero_fraction,min,max,suggested_hls_strategy
conv0,QConv2D,200,150,0.25,-0.35962605476379395,0.3981275260448456,Latency
conv1,QConv2D,1152,864,0.25,-0.26378965377807617,0.2904503643512726,Latency
conv2,QConv2D,3456,2592,0.25,-0.2495555877685547,0.25609901547431946,Latency
conv3,QConv2D,5184,3888,0.25,-0.20505698025226593,0.2202969342470169,Latency
conv4,QConv2D,6912,5184,0.25,-0.18339723348617554,0.1844414919614792,Resource
output_dense,QDense,32,32,0.0,-0.3502291142940521,0.3686177134513855,Latency
