fold,final_epoch,val_roc_auc,val_accuracy,val_optimal_accuracy,val_optimal_f1,val_optimal_threshold,val_bce_loss
0,300,0.984375,0.9375,0.9791666666666666,0.9787234042553191,0.666840136051178,0.24926886471975254
1,300,0.9774305555555556,0.8958333333333334,0.9375,0.9387755102040817,0.7149997353553772,0.23810769690002098
2,300,0.9913194444444444,0.9375,0.9583333333333334,0.9583333333333334,0.3603017330169678,0.19739250461430533
3,300,0.9945652173913043,0.9361702127659575,0.9574468085106383,0.9583333333333334,0.30463528633117676,0.18641738984092002
4,300,0.9981884057971014,0.9148936170212766,0.9787234042553191,0.9787234042553191,0.45154282450675964,0.18988395279412024
