layer,class,n_weights,n_nonzero_weights,zero_fraction,min,max,suggested_hls_strategy
conv0,QConv2D,200,100,0.5,-0.3296896815299988,0.3866979777812958,Latency
conv1,QConv2D,1152,576,0.5,-0.242798313498497,0.2861801087856293,Latency
conv2,QConv2D,3456,1728,0.5,-0.20029491186141968,0.2409929484128952,Latency
conv3,QConv2D,5184,2592,0.5,-0.1582200527191162,0.17326082289218903,Latency
conv4,QConv2D,6912,3456,0.5,-0.22928524017333984,0.23617038130760193,Latency
conv5,QConv2D,9216,4608,0.5,-0.2769841253757477,0.3102600574493408,Resource
output_dense,QDense,32,32,0.0,-0.3177117109298706,0.3892737627029419,Latency
