fold,final_epoch,val_roc_auc,val_accuracy,val_optimal_accuracy,val_optimal_f1,val_optimal_threshold,val_bce_loss
0,300,0.7152777777777778,0.6875,0.7083333333333334,0.6666666666666666,0.4877953827381134,0.6401136630397303
1,300,0.8116319444444444,0.7916666666666666,0.8125,0.7692307692307693,0.5097643733024597,0.6097440769773667
2,300,0.8697916666666666,0.7708333333333334,0.8125,0.7804878048780488,0.5602526664733887,0.5942328413595778
3,300,0.7291666666666666,0.5319148936170213,0.7446808510638298,0.7777777777777778,0.4021573066711426,0.6480011791484722
4,300,0.8478260869565217,0.7446808510638298,0.7872340425531915,0.75,0.5827285051345825,0.5671940428216443
