layer,class,n_weights,n_nonzero_weights,zero_fraction,min,max,suggested_hls_strategy
conv0,QConv2D,200,200,0.0,-0.3329577147960663,0.39640727639198303,Latency
conv1,QConv2D,1152,1152,0.0,-0.26644986867904663,0.30598241090774536,Latency
conv2,QConv2D,3456,3456,0.0,-0.21556918323040009,0.24710458517074585,Latency
conv3,QConv2D,5184,5184,0.0,-0.17927701771259308,0.18451374769210815,Resource
output_dense,QDense,24,24,0.0,-0.3833979368209839,0.3506348431110382,Latency
