fold,final_epoch,val_roc_auc,val_accuracy,val_optimal_accuracy,val_optimal_f1,val_optimal_threshold,val_bce_loss
0,300,0.9305555555555556,0.5416666666666666,0.875,0.8695652173913043,0.4562886357307434,0.6607476973407987
1,300,0.8784722222222223,0.625,0.8125,0.8,0.47779780626296997,0.6659897564983518
2,300,0.9722222222222223,0.8125,0.9166666666666666,0.92,0.4543510973453522,0.6193761274509125
3,300,0.9818840579710144,0.8723404255319149,0.9361702127659575,0.9333333333333333,0.5085440874099731,0.6407963834565101
4,300,0.9583333333333334,0.9148936170212766,0.9148936170212766,0.9090909090909091,0.5036620497703552,0.6150160239587997
