layer,class,n_weights,n_nonzero_weights,zero_fraction,min,max,suggested_hls_strategy
conv0,QConv2D,200,200,0.0,-0.34638217091560364,0.3836532533168793,Latency
conv1,QConv2D,1152,1152,0.0,-0.2852911055088043,0.36464643478393555,Latency
conv2,QConv2D,3456,3456,0.0,-0.2594306170940399,0.2692493498325348,Latency
conv3,QConv2D,5184,5184,0.0,-0.48943597078323364,0.4966811239719391,Resource
output_dense,QDense,24,24,0.0,-0.35049355030059814,0.39447298645973206,Latency
