fold,final_epoch,val_roc_auc,val_accuracy,val_optimal_accuracy,val_optimal_f1,val_optimal_threshold,val_bce_loss
0,300,0.953125,0.8125,0.9166666666666666,0.92,0.6235841512680054,0.43989185497751954
1,300,0.953125,0.8333333333333334,0.875,0.8571428571428571,0.5950844287872314,0.33714283544289986
2,300,0.998263888888889,0.9791666666666666,0.9791666666666666,0.9787234042553191,0.5158873796463013,0.26821035934594306
3,300,0.9547101449275361,0.8723404255319149,0.8936170212765957,0.8888888888888888,0.43723562359809875,0.45649185026759426
4,300,0.9782608695652174,0.8723404255319149,0.9574468085106383,0.96,0.4464559257030487,0.3923264930097854
