layer,class,n_weights,n_nonzero_weights,zero_fraction,min,max,suggested_hls_strategy
conv0,Conv2D,200,200,0.0,-0.3220772445201874,0.39966604113578796,Latency
conv1,Conv2D,1152,1152,0.0,-0.29298412799835205,0.3302077651023865,Latency
conv2,Conv2D,3456,3456,0.0,-0.2275082767009735,0.2255590558052063,Latency
conv3,Conv2D,5184,5184,0.0,-0.3517180383205414,0.24000532925128937,Resource
output_dense,Dense,24,24,0.0,-0.4149237871170044,0.4658028781414032,Latency
