{
  "accuracy": 0.5672268907563025,
  "balanced_accuracy": 0.5672268907563025,
  "bce_loss": 0.6803582906723022,
  "benign_log_loss": 0.6664732505773333,
  "benign_mean_score": 0.48481225967407227,
  "brier_score": 0.24367098026253223,
  "candidate": "cnn_small_hls_opt_img64",
  "confusion_matrix": [
    [
      79,
      40
    ],
    [
      63,
      56
    ]
  ],
  "ece": 0.03177473875654846,
  "f1": 0.5209302325581395,
  "folds": [
    0,
    1,
    2,
    3,
    4
  ],
  "log_loss": 0.6803583375460514,
  "mcc": 0.13703774196550633,
  "optimal_accuracy": 0.5840336134453782,
  "optimal_f1": 0.5263157894736842,
  "optimal_threshold": 0.5039061903953552,
  "pr_auc": 0.6022325070431097,
  "precision": 0.5833333333333334,
  "recall": 0.47058823529411764,
  "roc_auc": 0.6009462608572841,
  "stage": "qat",
  "standalone_log_loss": 0.6942434245147692,
  "standalone_mean_score": 0.5014368891716003
}