fold,final_epoch,val_roc_auc,val_accuracy,val_optimal_accuracy,val_optimal_f1,val_optimal_threshold,val_bce_loss
0,300,0.6848958333333334,0.5416666666666666,0.6666666666666666,0.68,0.5945512652397156,0.678157318925301
1,300,0.775173611111111,0.625,0.7291666666666666,0.7636363636363637,0.4436004161834717,0.6514471405230877
2,300,0.5303819444444445,0.4583333333333333,0.625,0.4375,0.5428633093833923,0.6828428471879028
3,300,0.7001811594202898,0.6382978723404256,0.7021276595744681,0.7307692307692307,0.4804786741733551,0.6771863493708504
4,300,0.7907608695652174,0.6808510638297872,0.723404255319149,0.6486486486486487,0.5563995838165283,0.6541539560051438
