layer,class,n_weights,n_nonzero_weights,zero_fraction,min,max,suggested_hls_strategy
conv0,QConv2D,200,200,0.0,-0.3471085727214813,0.3376246690750122,Latency
conv1,QConv2D,1152,1152,0.0,-0.2871512174606323,0.26923590898513794,Latency
conv2,QConv2D,3456,3456,0.0,-0.2180415838956833,0.23147733509540558,Latency
conv3,QConv2D,5184,5184,0.0,-0.47510451078414917,0.4714694917201996,Resource
conv4,QConv2D,6912,6912,0.0,-0.49618566036224365,0.470098614692688,Resource
output_dense,QDense,32,32,0.0,-0.3257443308830261,0.29932495951652527,Latency
