{
  "accuracy": 0.8697478991596639,
  "balanced_accuracy": 0.8697478991596639,
  "bce_loss": 0.28794971108436584,
  "benign_log_loss": 0.4059024375682581,
  "benign_mean_score": 0.24191409349441528,
  "brier_score": 0.09236734542866547,
  "candidate": "cnn_small_hls_opt_img512",
  "confusion_matrix": [
    [
      95,
      24
    ],
    [
      7,
      112
    ]
  ],
  "ece": 0.05661162239413301,
  "f1": 0.8784313725490196,
  "folds": [
    0,
    1,
    2,
    3,
    4
  ],
  "log_loss": 0.2879497345615372,
  "mcc": 0.7471591718924568,
  "optimal_accuracy": 0.8781512605042017,
  "optimal_f1": 0.8871595330739299,
  "optimal_threshold": 0.4892556667327881,
  "pr_auc": 0.9554047468525958,
  "precision": 0.8235294117647058,
  "recall": 0.9411764705882353,
  "roc_auc": 0.9543817527010805,
  "stage": "qat",
  "standalone_log_loss": 0.16999703155481635,
  "standalone_mean_score": 0.8699061870574951
}