{
  "accuracy": 0.7100840336134454,
  "balanced_accuracy": 0.7100840336134454,
  "bce_loss": 0.6820563077926636,
  "benign_log_loss": 0.6932706195115622,
  "benign_mean_score": 0.500010073184967,
  "brier_score": 0.24445671201102767,
  "candidate": "cnn_small_hls_opt_img256",
  "confusion_matrix": [
    [
      57,
      62
    ],
    [
      7,
      112
    ]
  ],
  "ece": 0.20139204704460978,
  "f1": 0.764505119453925,
  "folds": [
    0,
    1,
    2,
    3,
    4
  ],
  "log_loss": 0.6820563137484712,
  "mcc": 0.47381127723681465,
  "optimal_accuracy": 0.8025210084033614,
  "optimal_f1": 0.7873303167420814,
  "optimal_threshold": 0.5074318647384644,
  "pr_auc": 0.8750823241621314,
  "precision": 0.6436781609195402,
  "recall": 0.9411764705882353,
  "roc_auc": 0.8690064260998517,
  "stage": "float",
  "standalone_log_loss": 0.6708420079853804,
  "standalone_mean_score": 0.5113292932510376
}