fold,best_epoch,val_roc_auc,val_accuracy,val_optimal_accuracy,val_optimal_f1,val_optimal_threshold,val_bce_loss
0,22,0.9739583333333334,0.9791666666666666,0.9791666666666666,0.9787234042553191,0.501261293888092,0.6833379069964091
1,413,1.0,1.0,1.0,1.0,0.5282235741615295,0.1103142648935318
2,198,1.0,1.0,1.0,1.0,0.5193182229995728,0.39474379022916156
3,319,0.9891304347826086,0.9787234042553191,0.9787234042553191,0.9777777777777777,0.5158364176750183,0.14477542898756393
4,478,1.0,1.0,1.0,1.0,0.5172886252403259,0.10082219937380324
