{
  "accuracy": 0.7478991596638656,
  "balanced_accuracy": 0.7478991596638656,
  "bce_loss": 0.5956852436065674,
  "benign_log_loss": 0.6502427724453922,
  "benign_mean_score": 0.4737168550491333,
  "brier_score": 0.2026157918626438,
  "candidate": "cnn_small_hls_opt_img1024",
  "confusion_matrix": [
    [
      67,
      52
    ],
    [
      8,
      111
    ]
  ],
  "ece": 0.17142054125541398,
  "f1": 0.7872340425531915,
  "folds": [
    0,
    1,
    2,
    3,
    4
  ],
  "log_loss": 0.5956852687746584,
  "mcc": 0.5336144453424388,
  "optimal_accuracy": 0.8109243697478992,
  "optimal_f1": 0.801762114537445,
  "optimal_threshold": 0.5484316349029541,
  "pr_auc": 0.9097480502052323,
  "precision": 0.6809815950920245,
  "recall": 0.9327731092436975,
  "roc_auc": 0.8970411694089401,
  "stage": "qat",
  "standalone_log_loss": 0.5411277651039245,
  "standalone_mean_score": 0.5857086181640625
}