{
  "accuracy": 0.7689075630252101,
  "balanced_accuracy": 0.7689075630252101,
  "bce_loss": 0.7664424180984497,
  "benign_log_loss": 1.1258934937630316,
  "benign_mean_score": 0.44778916239738464,
  "brier_score": 0.21007885376634478,
  "candidate": "cnn_small_hls_opt_img512",
  "confusion_matrix": [
    [
      84,
      35
    ],
    [
      20,
      99
    ]
  ],
  "ece": 0.22818234318695152,
  "f1": 0.782608695652174,
  "folds": [
    0,
    1,
    2,
    3,
    4
  ],
  "log_loss": 0.766442376919656,
  "mcc": 0.5421393180573577,
  "optimal_accuracy": 0.7815126050420168,
  "optimal_f1": 0.796875,
  "optimal_threshold": 0.49340859055519104,
  "pr_auc": 0.7432653387181398,
  "precision": 0.7388059701492538,
  "recall": 0.8319327731092437,
  "roc_auc": 0.7916107619518395,
  "stage": "qat",
  "standalone_log_loss": 0.4069912600762805,
  "standalone_mean_score": 0.6925075650215149
}