fold,final_epoch,val_roc_auc,val_accuracy,val_optimal_accuracy,val_optimal_f1,val_optimal_threshold,val_bce_loss
0,300,0.9965277777777777,0.8333333333333334,0.9791666666666666,0.9787234042553191,0.5141330361366272,0.6513736513610594
1,300,0.939236111111111,0.8541666666666666,0.8958333333333334,0.8837209302325582,0.5045326948165894,0.6730643530986917
2,300,0.9513888888888888,0.5208333333333334,0.875,0.8636363636363636,0.5050576329231262,0.6897671405707694
3,300,0.9239130434782609,0.5957446808510638,0.851063829787234,0.8571428571428571,0.5104759931564331,0.6808893426829595
4,300,0.9528985507246377,0.8936170212765957,0.9148936170212766,0.9130434782608695,0.5011096000671387,0.6715220229397302
