layer,class,n_weights,n_nonzero_weights,zero_fraction,min,max,suggested_hls_strategy
conv0,QConv2D,200,50,0.75,-0.3291550278663635,0.38045164942741394,Latency
conv1,QConv2D,1152,288,0.75,-0.265802800655365,0.31535235047340393,Latency
conv2,QConv2D,3456,864,0.75,-0.2301127016544342,0.254899799823761,Latency
conv3,QConv2D,5184,1296,0.75,-0.19504153728485107,0.21742317080497742,Latency
output_dense,QDense,24,24,0.0,-0.3919738233089447,0.4341704845428467,Latency
