fold,final_epoch,val_roc_auc,val_accuracy,val_optimal_accuracy,val_optimal_f1,val_optimal_threshold,val_bce_loss
0,300,0.3420138888888889,0.5,0.5208333333333334,0.08,0.596433162689209,0.7061999451422009
1,300,0.8333333333333334,0.7291666666666666,0.8125,0.8301886792452831,0.46490156650543213,0.6268715148675904
2,300,0.7725694444444444,0.6666666666666666,0.7291666666666666,0.7547169811320755,0.4765796363353729,0.6653352215802505
3,300,0.654891304347826,0.6170212765957447,0.6170212765957447,0.7,0.5,0.6846012195123012
4,300,0.7255434782608695,0.6595744680851063,0.7021276595744681,0.65,0.49218812584877014,0.6682392980639538
