layer,class,n_weights,n_nonzero_weights,zero_fraction,min,max,suggested_hls_strategy
conv0,QConv2D,200,200,0.0,-0.4339164197444916,0.46233367919921875,Latency
conv1,QConv2D,1152,1152,0.0,-0.6018877029418945,0.6139517426490784,Latency
conv2,QConv2D,3456,3456,0.0,-0.5178917646408081,0.5306630730628967,Latency
conv3,QConv2D,5184,5184,0.0,-0.4687882363796234,0.47121748328208923,Resource
conv4,QConv2D,6912,6912,0.0,-0.489165723323822,0.46603280305862427,Resource
output_dense,QDense,32,32,0.0,-0.42922335863113403,0.38244661688804626,Latency
