{
  "accuracy": 0.5714285714285714,
  "balanced_accuracy": 0.5714285714285714,
  "bce_loss": 0.6829378604888916,
  "benign_log_loss": 0.7112127877390046,
  "benign_mean_score": 0.5052354335784912,
  "brier_score": 0.24488098173334172,
  "candidate": "cnn_small_hls_opt_img128",
  "confusion_matrix": [
    [
      60,
      59
    ],
    [
      43,
      76
    ]
  ],
  "ece": 0.036967384088940985,
  "f1": 0.5984251968503937,
  "folds": [
    0,
    1,
    2,
    3,
    4
  ],
  "log_loss": 0.6829378911873214,
  "mcc": 0.14416619120585555,
  "optimal_accuracy": 0.5798319327731093,
  "optimal_f1": 0.504950495049505,
  "optimal_threshold": 0.5389832258224487,
  "pr_auc": 0.5802126244506124,
  "precision": 0.562962962962963,
  "recall": 0.6386554621848739,
  "roc_auc": 0.5959677988842597,
  "stage": "qat",
  "standalone_log_loss": 0.6546629946356383,
  "standalone_mean_score": 0.5230828523635864
}