{
  "accuracy": 0.6974789915966386,
  "balanced_accuracy": 0.6974789915966386,
  "bce_loss": 0.6732596755027771,
  "benign_log_loss": 0.7662310036997062,
  "benign_mean_score": 0.509362518787384,
  "brier_score": 0.23889541803246983,
  "candidate": "cnn_small_hls_opt_img256",
  "confusion_matrix": [
    [
      89,
      30
    ],
    [
      42,
      77
    ]
  ],
  "ece": 0.21171051889908415,
  "f1": 0.6814159292035398,
  "folds": [
    0,
    1,
    2,
    3,
    4
  ],
  "log_loss": 0.6732597008780904,
  "mcc": 0.39698154833467936,
  "optimal_accuracy": 0.7521008403361344,
  "optimal_f1": 0.7806691449814126,
  "optimal_threshold": 0.469277024269104,
  "pr_auc": 0.7225287005130856,
  "precision": 0.719626168224299,
  "recall": 0.6470588235294118,
  "roc_auc": 0.7566202951768943,
  "stage": "qat",
  "standalone_log_loss": 0.5802883980564747,
  "standalone_mean_score": 0.5733433961868286
}