{
  "U55C hardware": {
    "accuracy": 0.9041095890410958,
    "balanced_accuracy": 0.904413145539906,
    "bce_loss": 0.2940453290939331,
    "pr_auc": 0.9756802861283488,
    "roc_auc": 0.9692018779342723
  },
  "hls4ml CPU": {
    "accuracy": 0.9041095890410958,
    "balanced_accuracy": 0.904413145539906,
    "bce_loss": 0.2940598130226135,
    "pr_auc": 0.9756802861283488,
    "roc_auc": 0.9692018779342723
  },
  "pruned_qat Keras CPU": {
    "accuracy": 0.9041095890410958,
    "balanced_accuracy": 0.904413145539906,
    "bce_loss": 0.29448872804641724,
    "pr_auc": 0.9754527600202423,
    "roc_auc": 0.9690140845070423
  }
}