fold,final_epoch,val_roc_auc,val_accuracy,val_optimal_accuracy,val_optimal_f1,val_optimal_threshold,val_bce_loss
0,300,0.8975694444444444,0.7083333333333334,0.8333333333333334,0.8260869565217391,0.5401346683502197,0.6381865586527375
1,300,0.8715277777777778,0.8125,0.8125,0.7692307692307693,0.5027055740356445,0.6309381821578247
2,300,0.8541666666666666,0.75,0.7916666666666666,0.8214285714285714,0.4527088701725006,0.6158238178868539
3,300,0.9039855072463768,0.7872340425531915,0.8723404255319149,0.85,0.5287644267082214,0.6362574262727332
4,300,0.9320652173913044,0.8297872340425532,0.851063829787234,0.8372093023255814,0.5116584897041321,0.6307926486410965
