fold,final_epoch,val_roc_auc,val_accuracy,val_optimal_accuracy,val_optimal_f1,val_optimal_threshold,val_bce_loss
0,300,1.0,0.9791666666666666,1.0,1.0,0.26120027899742126,0.037619673695849086
1,300,0.998263888888889,0.9583333333333334,0.9791666666666666,0.9787234042553191,0.9875772595405579,0.15940523655404515
2,300,1.0,1.0,1.0,1.0,0.8021456599235535,0.028953796392545163
3,300,0.9981884057971014,0.9574468085106383,0.9787234042553191,0.9787234042553191,0.46005260944366455,0.06431857609833522
4,300,1.0,1.0,1.0,1.0,0.6284095048904419,0.03434296613391845
