layer,class,n_weights,n_nonzero_weights,zero_fraction,min,max,suggested_hls_strategy
conv0,Conv2D,200,200,0.0,-0.33242273330688477,0.39614585041999817,Latency
conv1,Conv2D,1152,1152,0.0,-0.24274982511997223,0.287984162569046,Latency
conv2,Conv2D,3456,3456,0.0,-0.21028578281402588,0.27916812896728516,Latency
conv3,Conv2D,5184,5184,0.0,-0.193158820271492,0.1783093512058258,Resource
conv4,Conv2D,6912,6912,0.0,-0.21958422660827637,0.22321298718452454,Resource
conv5,Conv2D,9216,9216,0.0,-0.20167116820812225,0.18096154928207397,Resource
conv6,Conv2D,9216,9216,0.0,-0.19665618240833282,0.21693074703216553,Resource
output_dense,Dense,32,32,0.0,-0.30793607234954834,0.365201473236084,Latency
