{
  "accuracy": 0.7016806722689075,
  "balanced_accuracy": 0.7016806722689075,
  "bce_loss": 0.5651528239250183,
  "benign_log_loss": 0.6057717123482461,
  "benign_mean_score": 0.41455772519111633,
  "brier_score": 0.19300782163456684,
  "candidate": "cnn_small_hls_opt_img64",
  "confusion_matrix": [
    [
      81,
      38
    ],
    [
      33,
      86
    ]
  ],
  "ece": 0.05848067748446425,
  "f1": 0.7078189300411523,
  "folds": [
    0,
    1,
    2,
    3,
    4
  ],
  "log_loss": 0.5651528965587816,
  "mcc": 0.40371786615149335,
  "optimal_accuracy": 0.7310924369747899,
  "optimal_f1": 0.7264957264957265,
  "optimal_threshold": 0.5238587260246277,
  "pr_auc": 0.7871751354301209,
  "precision": 0.6935483870967742,
  "recall": 0.7226890756302521,
  "roc_auc": 0.7759339029729538,
  "stage": "float",
  "standalone_log_loss": 0.5245340807693173,
  "standalone_mean_score": 0.6319594979286194
}