fold,final_epoch,val_roc_auc,val_accuracy,val_optimal_accuracy,val_optimal_f1,val_optimal_threshold,val_bce_loss
0,1,0.9930555555555556,0.9375,0.9791666666666666,0.9787234042553191,0.74669349193573,0.14212608337402344
1,1,0.9739583333333334,0.9166666666666666,0.9375,0.9387755102040817,0.6444488763809204,0.20153439044952393
2,1,0.9913194444444444,0.9375,0.9583333333333334,0.96,0.7201715111732483,0.18797580897808075
3,1,0.9963768115942029,0.9574468085106383,0.9787234042553191,0.9787234042553191,0.3356774151325226,0.16388379037380219
4,1,0.9927536231884059,0.9361702127659575,0.9574468085106383,0.9583333333333334,0.4605315029621124,0.1624586582183838
