fold,final_epoch,val_roc_auc,val_accuracy,val_optimal_accuracy,val_optimal_f1,val_optimal_threshold,val_bce_loss
0,300,0.9322916666666667,0.6666666666666666,0.875,0.8695652173913043,0.6322757005691528,0.5709631950042906
1,300,0.953125,0.8541666666666666,0.9166666666666666,0.9090909090909091,0.5738276839256287,0.5437466229064067
2,300,0.9565972222222222,0.8541666666666666,0.8958333333333334,0.8979591836734694,0.5263123512268066,0.4892994009587621
3,300,0.9510869565217392,0.8297872340425532,0.9148936170212766,0.9047619047619048,0.5521473288536072,0.5083068005001934
4,300,0.9565217391304348,0.8085106382978723,0.8936170212765957,0.8837209302325582,0.6389479041099548,0.47505842800646036
