layer,class,n_weights,n_nonzero_weights,zero_fraction,min,max,suggested_hls_strategy
conv0,QConv2D,200,200,0.0,-0.34408488869667053,0.4031122624874115,Latency
conv1,QConv2D,1152,1152,0.0,-0.2808845043182373,0.31925612688064575,Latency
conv2,QConv2D,3456,3456,0.0,-0.27846968173980713,0.2593576908111572,Latency
conv3,QConv2D,5184,5184,0.0,-0.20061513781547546,0.17975322902202606,Resource
output_dense,QDense,24,24,0.0,-0.3824795186519623,0.34948715567588806,Latency
