fold,final_epoch,val_roc_auc,val_accuracy,val_optimal_accuracy,val_optimal_f1,val_optimal_threshold,val_bce_loss
0,300,0.8975694444444444,0.8125,0.8333333333333334,0.84,0.5093008279800415,0.6419365558139202
1,300,0.8697916666666666,0.7916666666666666,0.8125,0.7692307692307693,0.5122731328010559,0.6395252294085823
2,300,0.8524305555555556,0.7291666666666666,0.7916666666666666,0.8214285714285714,0.4505913555622101,0.6054627054755184
3,300,0.9003623188405797,0.7872340425531915,0.8723404255319149,0.85,0.5250813364982605,0.6314527635424321
4,300,0.9311594202898551,0.8297872340425532,0.851063829787234,0.8372093023255814,0.5151866674423218,0.6288663995031455
