layer,class,n_weights,n_nonzero_weights,zero_fraction,min,max,suggested_hls_strategy
conv0,Conv2D,200,200,0.0,-0.3392283618450165,0.4028003215789795,Latency
conv1,Conv2D,1152,1152,0.0,-0.27491146326065063,0.30165067315101624,Latency
conv2,Conv2D,3456,3456,0.0,-0.21450640261173248,0.23023374378681183,Latency
output_dense,Dense,24,24,0.0,-0.32538896799087524,0.34739071130752563,Latency
