fold,final_epoch,val_roc_auc,val_accuracy,val_optimal_accuracy,val_optimal_f1,val_optimal_threshold,val_bce_loss
0,300,0.9322916666666667,0.75,0.875,0.8636363636363636,0.6855598092079163,0.5111011974703316
1,300,0.9548611111111112,0.9166666666666666,0.9166666666666666,0.92,0.5054070949554443,0.42689845299162715
2,300,0.9600694444444444,0.8333333333333334,0.9166666666666666,0.92,0.5970500111579895,0.4167984038098613
3,300,0.9528985507246377,0.851063829787234,0.9148936170212766,0.9047619047619048,0.5940214991569519,0.4520043690871535
4,300,0.9619565217391305,0.851063829787234,0.8936170212765957,0.8888888888888888,0.5329701900482178,0.39493153967537026
