layer,class,n_weights,n_nonzero_weights,zero_fraction,min,max,suggested_hls_strategy
conv0,QConv2D,200,200,0.0,-0.34382903575897217,0.4025964140892029,Latency
conv1,QConv2D,1152,1152,0.0,-0.2929317355155945,0.3125004470348358,Latency
conv2,QConv2D,3456,3456,0.0,-0.26648637652397156,0.23580051958560944,Latency
conv3,QConv2D,5184,5184,0.0,-0.18946228921413422,0.20924580097198486,Resource
output_dense,QDense,24,24,0.0,-0.3924867808818817,0.4270147383213043,Latency
