fold,final_epoch,val_roc_auc,val_accuracy,val_optimal_accuracy,val_optimal_f1,val_optimal_threshold,val_bce_loss
0,300,0.998263888888889,0.9791666666666666,0.9791666666666666,0.9787234042553191,0.5179518461227417,0.2139215976690625
1,300,0.9878472222222222,0.8958333333333334,0.9583333333333334,0.96,0.16692139208316803,0.20902873068875705
2,300,1.0,0.9375,1.0,1.0,0.761094868183136,0.20652558662516407
3,300,0.9909420289855072,0.9148936170212766,0.9574468085106383,0.9583333333333334,0.4394466280937195,0.3820339424712958
4,300,0.9855072463768115,0.8936170212765957,0.9361702127659575,0.9387755102040817,0.44980043172836304,0.23813470913701543
