layer,class,n_weights,n_nonzero_weights,zero_fraction,min,max,suggested_hls_strategy
conv0,QConv2D,200,150,0.25,-0.3201618492603302,0.3952066898345947,Latency
conv1,QConv2D,1152,864,0.25,-0.2553366720676422,0.3126142919063568,Latency
conv2,QConv2D,3456,2592,0.25,-0.21910394728183746,0.25344017148017883,Latency
conv3,QConv2D,5184,3888,0.25,-0.1912255734205246,0.20724016427993774,Latency
conv4,QConv2D,6912,5184,0.25,-0.195410817861557,0.20717737078666687,Resource
output_dense,QDense,32,32,0.0,-0.36888378858566284,0.39961838722229004,Latency
