{
  "accuracy": 0.5756302521008403,
  "balanced_accuracy": 0.5756302521008403,
  "bce_loss": 0.6899963617324829,
  "benign_log_loss": 0.684416734732301,
  "benign_mean_score": 0.49556154012680054,
  "brier_score": 0.24842504168094795,
  "candidate": "cnn_small_hls_opt_img64",
  "confusion_matrix": [
    [
      85,
      34
    ],
    [
      67,
      52
    ]
  ],
  "ece": 0.06963855829559454,
  "f1": 0.5073170731707317,
  "folds": [
    0,
    1,
    2,
    3,
    4
  ],
  "log_loss": 0.6899963543700512,
  "mcc": 0.1574350714217969,
  "optimal_accuracy": 0.6050420168067226,
  "optimal_f1": 0.6736111111111112,
  "optimal_threshold": 0.4941408932209015,
  "pr_auc": 0.6076897134728737,
  "precision": 0.6046511627906976,
  "recall": 0.4369747899159664,
  "roc_auc": 0.6272155921192006,
  "stage": "qat",
  "standalone_log_loss": 0.6955759740078016,
  "standalone_mean_score": 0.4988308846950531
}