fold,final_epoch,val_roc_auc,val_accuracy,val_optimal_accuracy,val_optimal_f1,val_optimal_threshold,val_bce_loss
0,300,0.9826388888888888,0.9375,0.9583333333333334,0.9565217391304348,0.4915442168712616,0.1908579721390231
1,300,1.0,0.9791666666666666,1.0,1.0,0.5906881093978882,0.08046781691039438
2,300,1.0,0.875,1.0,1.0,0.8491137623786926,0.20897299948282202
3,300,0.9927536231884058,0.9361702127659575,0.9574468085106383,0.9565217391304348,0.41666191816329956,0.15302804401578443
4,300,0.9855072463768115,0.8936170212765957,0.9574468085106383,0.9583333333333334,0.24650971591472626,0.20191151279799555
