layer,class,n_weights,n_nonzero_weights,zero_fraction,min,max,suggested_hls_strategy
conv0,Conv2D,200,200,0.0,-0.36820077896118164,0.3968793451786041,Latency
conv1,Conv2D,1152,1152,0.0,-0.2786369025707245,0.2892078161239624,Latency
conv2,Conv2D,3456,3456,0.0,-0.23561662435531616,0.3001992404460907,Latency
conv3,Conv2D,5184,5184,0.0,-0.2602759301662445,0.23926255106925964,Resource
conv4,Conv2D,6912,6912,0.0,-0.2192566990852356,0.23990678787231445,Resource
conv5,Conv2D,9216,9216,0.0,-0.20287643373012543,0.19508029520511627,Resource
output_dense,Dense,32,32,0.0,-0.3547913134098053,0.3783896863460541,Latency
