fold,final_epoch,val_roc_auc,val_accuracy,val_optimal_accuracy,val_optimal_f1,val_optimal_threshold,val_bce_loss
0,300,0.9913194444444444,0.9583333333333334,0.9791666666666666,0.9787234042553191,0.7984950542449951,0.16541222599172004
1,300,0.9791666666666667,0.8958333333333334,0.9166666666666666,0.9130434782608695,0.615642249584198,0.18678340444851194
2,300,0.9947916666666667,0.9375,0.9791666666666666,0.9795918367346939,0.336688756942749,0.13079169104809926
3,300,0.9945652173913043,0.9574468085106383,0.9574468085106383,0.9583333333333334,0.29069840908050537,0.15787901162068943
4,300,1.0,1.0,1.0,1.0,0.6448761820793152,0.11309376017283665
