layer,class,n_weights,n_nonzero_weights,zero_fraction,min,max,suggested_hls_strategy
conv0,QConv2D,200,200,0.0,-0.32832035422325134,0.3931928873062134,Latency
conv1,QConv2D,1152,1152,0.0,-0.24097295105457306,0.27915534377098083,Latency
conv2,QConv2D,3456,3456,0.0,-0.19786453247070312,0.264413058757782,Latency
conv3,QConv2D,5184,5184,0.0,-0.23940986394882202,0.1909177452325821,Resource
conv4,QConv2D,6912,6912,0.0,-0.27278655767440796,0.28107523918151855,Resource
conv5,QConv2D,9216,9216,0.0,-0.30976349115371704,0.3152772784233093,Resource
output_dense,QDense,32,32,0.0,-0.3292354643344879,0.35087454319000244,Latency
