fold,final_epoch,val_roc_auc,val_accuracy,val_optimal_accuracy,val_optimal_f1,val_optimal_threshold,val_bce_loss
0,300,0.46093750000000006,0.4791666666666667,0.5208333333333334,0.6666666666666666,0.43782350420951843,0.7033644713927206
1,300,0.646701388888889,0.625,0.6666666666666666,0.5555555555555556,0.5156199336051941,0.6727354452329962
2,300,0.5425347222222222,0.5208333333333334,0.5833333333333334,0.5454545454545454,0.43014734983444214,0.7032991557543063
3,300,0.5389492753623188,0.5319148936170213,0.5531914893617021,0.5116279069767442,0.49218812584877014,0.6902599434310037
4,300,0.5480072463768115,0.5319148936170213,0.6170212765957447,0.64,0.4843800961971283,0.6943156775169022
