layer,class,n_weights,n_nonzero_weights,zero_fraction,min,max,suggested_hls_strategy
conv0,QConv2D,200,200,0.0,-0.34358838200569153,0.352498322725296,Latency
conv1,QConv2D,1152,1152,0.0,-0.2679719924926758,0.3192121684551239,Latency
conv2,QConv2D,3456,3456,0.0,-0.2197113037109375,0.23543962836265564,Latency
conv3,QConv2D,5184,5184,0.0,-0.4884966313838959,0.4826945662498474,Resource
output_dense,QDense,24,24,0.0,-0.3506576418876648,0.35047170519828796,Latency
