{
  "accuracy": 0.7899159663865546,
  "balanced_accuracy": 0.7899159663865547,
  "bce_loss": 0.6521199941635132,
  "benign_log_loss": 0.6461656438339225,
  "benign_mean_score": 0.47526270151138306,
  "brier_score": 0.2295565654601462,
  "candidate": "cnn_small_hls_opt_img128",
  "confusion_matrix": [
    [
      99,
      20
    ],
    [
      30,
      89
    ]
  ],
  "ece": 0.26099113844522903,
  "f1": 0.7807017543859649,
  "folds": [
    0,
    1,
    2,
    3,
    4
  ],
  "log_loss": 0.6521200495735626,
  "mcc": 0.581890124438573,
  "optimal_accuracy": 0.7983193277310925,
  "optimal_f1": 0.7876106194690266,
  "optimal_threshold": 0.5005950927734375,
  "pr_auc": 0.8777292462502919,
  "precision": 0.8165137614678899,
  "recall": 0.7478991596638656,
  "roc_auc": 0.8642398135724878,
  "stage": "qat",
  "standalone_log_loss": 0.658074455313203,
  "standalone_mean_score": 0.5186639428138733
}