{
  "accuracy": 0.46638655462184875,
  "balanced_accuracy": 0.46638655462184875,
  "bce_loss": 0.7071400880813599,
  "benign_log_loss": 0.7264568473105396,
  "benign_mean_score": 0.5140541195869446,
  "brier_score": 0.25691054763963816,
  "candidate": "cnn_small_hls_opt_img64",
  "confusion_matrix": [
    [
      32,
      87
    ],
    [
      40,
      79
    ]
  ],
  "ece": 0.07512839651909195,
  "f1": 0.5543859649122806,
  "folds": [
    0,
    1,
    2,
    3,
    4
  ],
  "log_loss": 0.7071401803825618,
  "mcc": -0.07317617332646023,
  "optimal_accuracy": 0.5084033613445378,
  "optimal_f1": 0.6704225352112676,
  "optimal_threshold": 0.4073334038257599,
  "pr_auc": 0.4579417788942133,
  "precision": 0.4759036144578313,
  "recall": 0.6638655462184874,
  "roc_auc": 0.44717887154861946,
  "stage": "qat",
  "standalone_log_loss": 0.6878235134545837,
  "standalone_mean_score": 0.5043269395828247
}