fold,final_epoch,val_roc_auc,val_accuracy,val_optimal_accuracy,val_optimal_f1,val_optimal_threshold,val_bce_loss
0,300,0.8923611111111112,0.7916666666666666,0.8541666666666666,0.851063829787234,0.6799300312995911,0.4751245820337732
1,300,0.907986111111111,0.7916666666666666,0.8333333333333334,0.8,0.7984501123428345,0.4272413915219236
2,300,0.8958333333333334,0.8125,0.8541666666666666,0.8571428571428571,0.4600870609283447,0.4296499346824363
3,300,0.927536231884058,0.8723404255319149,0.8723404255319149,0.8636363636363636,0.4735117554664612,0.3595796076568255
4,300,0.9021739130434783,0.8297872340425532,0.851063829787234,0.8444444444444444,0.5259824991226196,0.4301615715166504
