layer,class,n_weights,n_nonzero_weights,zero_fraction,min,max,suggested_hls_strategy
conv0,Conv2D,200,200,0.0,-0.3837312161922455,0.3997079133987427,Latency
conv1,Conv2D,1152,1152,0.0,-0.27757808566093445,0.34037986397743225,Latency
conv2,Conv2D,3456,3456,0.0,-0.24369634687900543,0.3038380742073059,Latency
conv3,Conv2D,5184,5184,0.0,-0.2375534623861313,0.22914627194404602,Resource
conv4,Conv2D,6912,6912,0.0,-0.19520102441310883,0.2044338881969452,Resource
output_dense,Dense,32,32,0.0,-0.3485884964466095,0.3815392553806305,Latency
