fold,best_epoch,val_roc_auc,val_accuracy,val_optimal_accuracy,val_optimal_f1,val_optimal_threshold,val_bce_loss
0,465,0.9791666666666667,0.9583333333333334,0.9583333333333334,0.9565217391304348,0.5254397392272949,0.26517753303050995
1,663,0.96875,0.9375,0.9375,0.9333333333333333,0.5013383626937866,0.3201276684800784
2,70,0.9739583333333334,0.8958333333333334,0.9166666666666666,0.9090909090909091,0.5007103681564331,0.6883693337440491
3,681,0.9873188405797101,0.9574468085106383,0.9574468085106383,0.9545454545454546,0.5104079842567444,0.24452956781742421
4,626,1.0,1.0,1.0,1.0,0.5055292248725891,0.23547302662058078
