{
  "accuracy": 0.5840336134453782,
  "balanced_accuracy": 0.5840336134453782,
  "bce_loss": 0.6869336366653442,
  "benign_log_loss": 0.7092903751042583,
  "benign_mean_score": 0.5078423023223877,
  "brier_score": 0.24689856504928895,
  "candidate": "cnn_small_hls_opt_img128",
  "confusion_matrix": [
    [
      31,
      88
    ],
    [
      11,
      108
    ]
  ],
  "ece": 0.07162157227011288,
  "f1": 0.6857142857142857,
  "folds": [
    0,
    1,
    2,
    3,
    4
  ],
  "log_loss": 0.686933580605122,
  "mcc": 0.2204333570887027,
  "optimal_accuracy": 0.6302521008403361,
  "optimal_f1": 0.6363636363636364,
  "optimal_threshold": 0.5056149959564209,
  "pr_auc": 0.6432664242399433,
  "precision": 0.5510204081632653,
  "recall": 0.907563025210084,
  "roc_auc": 0.6550384859826284,
  "stage": "qat",
  "standalone_log_loss": 0.6645767861059855,
  "standalone_mean_score": 0.5147086977958679
}