fold,final_epoch,val_roc_auc,val_accuracy,val_optimal_accuracy,val_optimal_f1,val_optimal_threshold,val_bce_loss
0,300,1.0,1.0,1.0,1.0,0.526945173740387,0.10648580478969043
1,300,0.9965277777777777,0.9791666666666666,0.9791666666666666,0.9787234042553191,0.5379493236541748,0.11965518495274745
2,300,0.9965277777777778,0.9583333333333334,0.9791666666666666,0.9795918367346939,0.4778384566307068,0.10456795975056987
3,300,0.9927536231884058,0.9148936170212766,0.9787234042553191,0.9777777777777777,0.37909066677093506,0.2192590127283738
4,300,0.9945652173913044,0.8936170212765957,0.9574468085106383,0.9565217391304348,0.30873048305511475,0.21887013266642918
