layer,class,n_weights,n_nonzero_weights,zero_fraction,min,max,suggested_hls_strategy
conv0,Conv2D,200,200,0.0,-0.32350099086761475,0.39553049206733704,Latency
conv1,Conv2D,1152,1152,0.0,-0.2573341429233551,0.31647783517837524,Latency
conv2,Conv2D,3456,3456,0.0,-0.2623828649520874,0.28882575035095215,Latency
conv3,Conv2D,5184,5184,0.0,-0.210110604763031,0.2515982389450073,Resource
conv4,Conv2D,6912,6912,0.0,-0.22182238101959229,0.22728851437568665,Resource
output_dense,Dense,32,32,0.0,-0.3527909219264984,0.3924577534198761,Latency
