fold,final_epoch,val_roc_auc,val_accuracy,val_optimal_accuracy,val_optimal_f1,val_optimal_threshold,val_bce_loss
0,300,0.7777777777777778,0.6875,0.75,0.7142857142857143,0.5055615901947021,0.6858495445078456
1,300,0.9236111111111112,0.5625,0.8333333333333334,0.8095238095238095,0.506447434425354,0.6880714542287855
2,300,0.8784722222222222,0.7708333333333334,0.8125,0.8,0.5103635191917419,0.6742277384857195
3,300,0.7463768115942029,0.5531914893617021,0.723404255319149,0.7346938775510204,0.5107452869415283,0.6875733554246034
4,300,0.8641304347826086,0.7659574468085106,0.8085106382978723,0.8301886792452831,0.4931149184703827,0.6780573221788257
