{
  "accuracy": 0.6428571428571429,
  "balanced_accuracy": 0.6428571428571428,
  "bce_loss": 0.6632491946220398,
  "benign_log_loss": 0.6850188855631884,
  "benign_mean_score": 0.49119260907173157,
  "brier_score": 0.23521683059600978,
  "candidate": "cnn_small_hls_opt_img256",
  "confusion_matrix": [
    [
      66,
      53
    ],
    [
      32,
      87
    ]
  ],
  "ece": 0.1170169883916358,
  "f1": 0.6718146718146718,
  "folds": [
    0,
    1,
    2,
    3,
    4
  ],
  "log_loss": 0.6632491530042766,
  "mcc": 0.290269805124067,
  "optimal_accuracy": 0.6722689075630253,
  "optimal_f1": 0.6829268292682927,
  "optimal_threshold": 0.5068355202674866,
  "pr_auc": 0.6138523491140306,
  "precision": 0.6214285714285714,
  "recall": 0.7310924369747899,
  "roc_auc": 0.6681378433726431,
  "stage": "qat",
  "standalone_log_loss": 0.6414794204453651,
  "standalone_mean_score": 0.5290999412536621
}