fold,final_epoch,val_roc_auc,val_accuracy,val_optimal_accuracy,val_optimal_f1,val_optimal_threshold,val_bce_loss
0,300,0.7517361111111112,0.75,0.8125,0.8,0.5117287039756775,0.6445005493932897
1,300,0.8524305555555556,0.8125,0.8125,0.7692307692307693,0.5329886674880981,0.5690747964827215
2,300,0.875,0.7708333333333334,0.8125,0.8,0.6249838471412659,0.5158521586571577
3,300,0.7192028985507246,0.5957446808510638,0.7446808510638298,0.7931034482758621,0.3296565115451813,0.6398581494693942
4,300,0.8369565217391305,0.7446808510638298,0.7872340425531915,0.7727272727272727,0.5756626725196838,0.5504443180281796
