layer,class,n_weights,n_nonzero_weights,zero_fraction,min,max,suggested_hls_strategy
conv0,Conv2D,200,200,0.0,-0.3624090850353241,0.39726296067237854,Latency
conv1,Conv2D,1152,1152,0.0,-0.3113749325275421,0.36836740374565125,Latency
conv2,Conv2D,3456,3456,0.0,-0.24602919816970825,0.27013787627220154,Latency
conv3,Conv2D,5184,5184,0.0,-0.21360385417938232,0.2318056970834732,Resource
output_dense,Dense,24,24,0.0,-0.3824083209037781,0.3482690751552582,Latency
