fold,final_epoch,val_roc_auc,val_accuracy,val_optimal_accuracy,val_optimal_f1,val_optimal_threshold,val_bce_loss
0,300,0.9513888888888888,0.875,0.8958333333333334,0.9019607843137255,0.2146914154291153,0.30952002656795913
1,300,0.8671875,0.7708333333333334,0.8125,0.8235294117647058,0.3199707567691803,0.5326269233078504
2,300,0.9583333333333334,0.875,0.8958333333333334,0.8888888888888888,0.8918110728263855,0.30335612062112854
3,300,0.9275362318840579,0.8297872340425532,0.8723404255319149,0.88,0.17441028356552124,0.39289101152932093
4,300,0.947463768115942,0.8936170212765957,0.9148936170212766,0.92,0.729519784450531,0.334819224300096
