layer,class,n_weights,n_nonzero_weights,zero_fraction,min,max,suggested_hls_strategy
conv0,QConv2D,200,100,0.5,-0.7039051055908203,0.421805739402771,Latency
conv1,QConv2D,1152,576,0.5,-0.5748839974403381,0.6187751293182373,Latency
conv2,QConv2D,3456,1728,0.5,-0.6108269095420837,0.45278799533843994,Latency
conv3,QConv2D,5184,2592,0.5,-0.4289708435535431,0.5184152722358704,Latency
conv4,QConv2D,6912,3456,0.5,-0.40056851506233215,0.3083120882511139,Latency
output_dense,QDense,32,32,0.0,-0.33658695220947266,0.5346736311912537,Latency
