fold,final_epoch,val_roc_auc,val_accuracy,val_optimal_accuracy,val_optimal_f1,val_optimal_threshold,val_bce_loss
0,300,0.6631944444444444,0.6458333333333334,0.6875,0.6808510638297872,0.5009765625,0.6908144133643397
1,300,0.7534722222222222,0.5208333333333334,0.7291666666666666,0.6829268292682927,0.4931644797325134,0.6895320623733866
2,300,0.8576388888888888,0.6666666666666666,0.7708333333333334,0.8070175438596491,0.48035678267478943,0.6791070685382014
3,300,0.7373188405797101,0.6382978723404256,0.7021276595744681,0.6956521739130435,0.4967041611671448,0.6863591518671622
4,300,0.858695652173913,0.574468085106383,0.7872340425531915,0.7916666666666666,0.5217148661613464,0.6805157595427243
