fold,final_epoch,val_roc_auc,val_accuracy,val_optimal_accuracy,val_optimal_f1,val_optimal_threshold,val_bce_loss
0,300,0.9322916666666667,0.9166666666666666,0.9166666666666666,0.9166666666666666,0.517271876335144,0.3063828820983569
1,300,0.96875,0.8958333333333334,0.8958333333333334,0.8888888888888888,0.584077775478363,0.27066806455453235
2,300,0.9670138888888888,0.8958333333333334,0.8958333333333334,0.9019607843137255,0.34323880076408386,0.2562336300810178
3,300,0.9855072463768115,0.8936170212765957,0.9574468085106383,0.9583333333333334,0.2817048132419586,0.27287140108169394
4,300,0.9384057971014492,0.8723404255319149,0.9148936170212766,0.92,0.6849381923675537,0.34642717289797803
