{
  "accuracy": 0.8991596638655462,
  "balanced_accuracy": 0.8991596638655461,
  "bce_loss": 0.3315552771091461,
  "benign_log_loss": 0.3155800823318349,
  "benign_mean_score": 0.2546881437301636,
  "brier_score": 0.09802210987677148,
  "candidate": "cnn_small_hls_opt_img1024",
  "confusion_matrix": [
    [
      113,
      6
    ],
    [
      18,
      101
    ]
  ],
  "ece": 0.12130514983119083,
  "f1": 0.8938053097345132,
  "folds": [
    0,
    1,
    2,
    3,
    4
  ],
  "log_loss": 0.3315552547077093,
  "mcc": 0.8024095125913732,
  "optimal_accuracy": 0.9033613445378151,
  "optimal_f1": 0.8995633187772926,
  "optimal_threshold": 0.4776150584220886,
  "pr_auc": 0.9601260656352668,
  "precision": 0.9439252336448598,
  "recall": 0.8487394957983193,
  "roc_auc": 0.9497916813784337,
  "stage": "pruned_qat",
  "standalone_log_loss": 0.34753042708358367,
  "standalone_mean_score": 0.7499148845672607
}