fold,final_epoch,val_roc_auc,val_accuracy,val_optimal_accuracy,val_optimal_f1,val_optimal_threshold,val_bce_loss
0,300,0.9670138888888888,0.8333333333333334,0.9375,0.9361702127659575,0.19079940021038055,0.3706217929050464
1,300,1.0,1.0,1.0,1.0,0.5357664227485657,0.07228566235553578
2,300,0.9965277777777778,0.9375,0.9791666666666666,0.9795918367346939,0.813423752784729,0.1395525892309847
3,300,0.9963768115942029,0.9574468085106383,0.9787234042553191,0.9777777777777777,0.6230329275131226,0.11600329581102323
4,300,0.9673913043478262,0.8936170212765957,0.9574468085106383,0.9583333333333334,0.298082560300827,0.2632687871114195
