layer,class,n_weights,n_nonzero_weights,zero_fraction,min,max,suggested_hls_strategy
conv0,QConv2D,200,200,0.0,-0.3496788442134857,0.3956119418144226,Latency
conv1,QConv2D,1152,1152,0.0,-0.261501282453537,0.2807048261165619,Latency
conv2,QConv2D,3456,3456,0.0,-0.24789872765541077,0.22378548979759216,Latency
conv3,QConv2D,5184,5184,0.0,-0.18059255182743073,0.21073509752750397,Resource
conv4,QConv2D,6912,6912,0.0,-0.18549612164497375,0.23329594731330872,Resource
conv5,QConv2D,9216,9216,0.0,-0.18747970461845398,0.16937264800071716,Resource
output_dense,QDense,32,32,0.0,-0.3274223804473877,0.3388746380805969,Latency
