fold,final_epoch,val_roc_auc,val_accuracy,val_optimal_accuracy,val_optimal_f1,val_optimal_threshold,val_bce_loss
0,300,0.9930555555555556,0.9166666666666666,0.9583333333333334,0.9583333333333334,0.5248945951461792,0.4571119468895315
1,300,0.954861111111111,0.8333333333333334,0.9166666666666666,0.9130434782608695,0.44438958168029785,0.5074823217337922
2,300,0.9774305555555556,0.9375,0.9375,0.9361702127659575,0.5137680768966675,0.4591515367073002
3,300,0.9347826086956521,0.851063829787234,0.8936170212765957,0.8888888888888888,0.4860132336616516,0.5409147599147489
4,300,0.9655797101449275,0.8297872340425532,0.9361702127659575,0.9361702127659575,0.5926178097724915,0.51097784621894
