layer,class,n_weights,n_nonzero_weights,zero_fraction,min,max,suggested_hls_strategy
conv0,QConv2D,200,100,0.5,-0.32558107376098633,0.3973063826560974,Latency
conv1,QConv2D,1152,576,0.5,-0.2834567427635193,0.3533494770526886,Latency
conv2,QConv2D,3456,1728,0.5,-0.23498068749904633,0.23475943505764008,Latency
conv3,QConv2D,5184,2592,0.5,-0.24387650191783905,0.20082271099090576,Latency
output_dense,QDense,24,24,0.0,-0.41026759147644043,0.4347046911716461,Latency
