fold,final_epoch,val_roc_auc,val_accuracy,val_optimal_accuracy,val_optimal_f1,val_optimal_threshold,val_bce_loss
0,300,0.6493055555555556,0.5416666666666666,0.6458333333333334,0.6792452830188679,0.5107405185699463,0.6901274184893785
1,300,0.5234374999999999,0.4791666666666667,0.5625,0.46153846153846156,0.5165954828262329,0.6927194336259039
2,300,0.6059027777777778,0.5,0.6041666666666666,0.4864864864864865,0.5428633093833923,0.692155817474938
3,300,0.5760869565217391,0.48936170212765956,0.574468085106383,0.6875,0.5126925706863403,0.692474280262529
4,300,0.7436594202898551,0.5531914893617021,0.723404255319149,0.6285714285714286,0.4902356266975403,0.6840579713074199
