fold,final_epoch,val_roc_auc,val_accuracy,val_optimal_accuracy,val_optimal_f1,val_optimal_threshold,val_bce_loss
0,300,0.625,0.5,0.625,0.6896551724137931,0.5214711427688599,0.6879401247177676
1,300,0.6206597222222222,0.5833333333333334,0.6666666666666666,0.68,0.5136684775352478,0.6876927575301298
2,300,0.640625,0.6041666666666666,0.625,0.64,0.4941408932209015,0.6875884623914028
3,300,0.49818840579710144,0.48936170212765956,0.5531914893617021,0.2222222222222222,0.5039061903953552,0.6946130594266987
4,300,0.6965579710144927,0.6170212765957447,0.6808510638297872,0.6938775510204082,0.4843800961971283,0.6765848598387145
