fold,final_epoch,val_roc_auc,val_accuracy,val_optimal_accuracy,val_optimal_f1,val_optimal_threshold,val_bce_loss
0,300,0.829861111111111,0.7916666666666666,0.8333333333333334,0.8260869565217391,0.5034675002098083,0.6678686754974515
1,300,0.8072916666666667,0.625,0.7916666666666666,0.7727272727272727,0.5242462754249573,0.6730067645233125
2,300,0.8454861111111112,0.7708333333333334,0.7916666666666666,0.8214285714285714,0.4742659330368042,0.6009395086317669
3,300,0.7753623188405798,0.723404255319149,0.7659574468085106,0.8070175438596491,0.49335137009620667,0.6613034498258572
4,300,0.875,0.8085106382978723,0.8297872340425532,0.8181818181818182,0.4997138977050781,0.5965167556955101
