fold,final_epoch,val_roc_auc,val_accuracy,val_optimal_accuracy,val_optimal_f1,val_optimal_threshold,val_bce_loss
0,300,0.8324652777777778,0.6458333333333334,0.8125,0.8235294117647058,0.4897475242614746,0.6774872778706258
1,300,0.7977430555555556,0.7083333333333334,0.7708333333333334,0.7027027027027027,0.5051267743110657,0.6826308175343138
2,300,0.8463541666666667,0.7083333333333334,0.8125,0.7804878048780488,0.5087881684303284,0.6771671045471823
3,300,0.8994565217391304,0.6595744680851063,0.8936170212765957,0.8780487804878049,0.4821852743625641,0.662277231929164
4,300,0.9085144927536232,0.7021276595744681,0.851063829787234,0.8372093023255814,0.5192775726318359,0.6695466333056367
