fold,final_epoch,val_roc_auc,val_accuracy,val_optimal_accuracy,val_optimal_f1,val_optimal_threshold,val_bce_loss
0,300,0.5598958333333334,0.4791666666666667,0.5833333333333334,0.5238095238095238,0.5234203338623047,0.6921632435213603
1,300,0.677951388888889,0.5625,0.7291666666666666,0.723404255319149,0.42250463366508484,0.6824997362497718
2,300,0.5225694444444444,0.5,0.5625,0.2222222222222222,0.5195212960243225,0.6945070706726039
3,300,0.6748188405797102,0.5319148936170213,0.6808510638297872,0.5945945945945946,0.5312093496322632,0.6847109184970851
4,300,0.677536231884058,0.6170212765957447,0.6808510638297872,0.7058823529411765,0.46879062056541443,0.6742090134848603
