layer,class,n_weights,n_nonzero_weights,zero_fraction,min,max,suggested_hls_strategy
conv0,QConv2D,200,200,0.0,-0.431776225566864,0.45959949493408203,Latency
conv1,QConv2D,1152,1152,0.0,-0.6129948496818542,0.6416664719581604,Latency
conv2,QConv2D,3456,3456,0.0,-0.531679093837738,0.5073426365852356,Latency
conv3,QConv2D,5184,5184,0.0,-0.4700775444507599,0.479304701089859,Resource
output_dense,QDense,24,24,0.0,-0.4250165820121765,0.4528932571411133,Latency
