{
  "accuracy": 0.8697478991596639,
  "balanced_accuracy": 0.8697478991596639,
  "bce_loss": 0.40846875309944153,
  "benign_log_loss": 0.4727186727897051,
  "benign_mean_score": 0.35492879152297974,
  "brier_score": 0.1242952210162478,
  "candidate": "cnn_small_hls_opt_img256",
  "confusion_matrix": [
    [
      99,
      20
    ],
    [
      11,
      108
    ]
  ],
  "ece": 0.15700025581011254,
  "f1": 0.8744939271255061,
  "folds": [
    0,
    1,
    2,
    3,
    4
  ],
  "log_loss": 0.40846874373187164,
  "mcc": 0.7416198487095663,
  "optimal_accuracy": 0.8823529411764706,
  "optimal_f1": 0.8813559322033898,
  "optimal_threshold": 0.5485773682594299,
  "pr_auc": 0.947852744870769,
  "precision": 0.84375,
  "recall": 0.907563025210084,
  "roc_auc": 0.9430831155991809,
  "stage": "float",
  "standalone_log_loss": 0.34421881467403814,
  "standalone_mean_score": 0.7285757660865784
}