fold,final_epoch,val_roc_auc,val_accuracy,val_optimal_accuracy,val_optimal_f1,val_optimal_threshold,val_bce_loss
0,300,0.7291666666666667,0.625,0.6875,0.6938775510204082,0.5239075422286987,0.6687454051352592
1,300,0.47916666666666674,0.5,0.5625,0.2222222222222222,0.6206216216087341,0.7110896355649391
2,300,0.78125,0.5,0.7291666666666666,0.7346938775510204,0.45035937428474426,0.6778949031098859
3,300,0.9673913043478262,0.7872340425531915,0.9361702127659575,0.9387755102040817,0.5078118443489075,0.6669102817164274
4,300,0.9248188405797101,0.8085106382978723,0.8723404255319149,0.88,0.475605309009552,0.5901590910597388
