layer,class,n_weights,n_nonzero_weights,zero_fraction,min,max,suggested_hls_strategy
conv0,QConv2D,200,200,0.0,-0.35361260175704956,0.3437875211238861,Latency
conv1,QConv2D,1152,1152,0.0,-0.30095618963241577,0.32275256514549255,Latency
conv2,QConv2D,3456,3456,0.0,-0.22236788272857666,0.2684814929962158,Latency
conv3,QConv2D,5184,5184,0.0,-0.4906706213951111,0.47425955533981323,Resource
output_dense,QDense,24,24,0.0,-0.3469119966030121,0.35088837146759033,Latency
