fold,final_epoch,val_roc_auc,val_accuracy,val_optimal_accuracy,val_optimal_f1,val_optimal_threshold,val_bce_loss
0,300,0.9652777777777777,0.8125,0.8958333333333334,0.8888888888888888,0.4263215959072113,0.4938660960088881
1,300,0.9409722222222222,0.8333333333333334,0.8541666666666666,0.8292682926829268,0.5869964361190796,0.44942356644315495
2,300,0.923611111111111,0.5,0.9166666666666666,0.9090909090909091,0.9907767176628113,1.999410014245165
3,300,0.980072463768116,0.8936170212765957,0.9361702127659575,0.9361702127659575,0.42036163806915283,0.3641937073885243
4,300,0.927536231884058,0.8085106382978723,0.851063829787234,0.8444444444444444,0.6111499071121216,0.51162961629948
