layer,class,n_weights,n_nonzero_weights,zero_fraction,min,max,suggested_hls_strategy
conv0,QConv2D,200,200,0.0,-0.33380722999572754,0.4066421687602997,Latency
conv1,QConv2D,1152,1152,0.0,-0.2794036269187927,0.30973049998283386,Latency
conv2,QConv2D,3456,3456,0.0,-0.20734569430351257,0.24370090663433075,Latency
conv3,QConv2D,5184,5184,0.0,-0.20025840401649475,0.26808327436447144,Resource
conv4,QConv2D,6912,6912,0.0,-0.19667887687683105,0.1635708212852478,Resource
output_dense,QDense,32,32,0.0,-0.31339216232299805,0.3281179368495941,Latency
