fold,final_epoch,val_roc_auc,val_accuracy,val_optimal_accuracy,val_optimal_f1,val_optimal_threshold,val_bce_loss
0,300,1.0,1.0,1.0,1.0,0.7490872144699097,0.024694315237865142
1,300,0.9930555555555555,0.9583333333333334,0.9583333333333334,0.9583333333333334,0.5043944120407104,0.1268773448627175
2,300,0.986111111111111,0.9166666666666666,0.9583333333333334,0.96,0.3515336513519287,0.1237690098275696
3,300,1.0,0.9574468085106383,1.0,1.0,0.4704933166503906,0.07304859872302845
4,300,0.9891304347826086,0.9361702127659575,0.9574468085106383,0.9565217391304348,0.8925625085830688,0.11351681659380218
