layer,class,n_weights,n_nonzero_weights,zero_fraction,min,max,suggested_hls_strategy
conv0,QConv2D,200,100,0.5,-0.511706531047821,0.41857650876045227,Latency
conv1,QConv2D,1152,576,0.5,-0.2899390161037445,0.8275946378707886,Latency
conv2,QConv2D,3456,1728,0.5,-0.34087830781936646,0.48671773076057434,Latency
conv3,QConv2D,5184,2592,0.5,-0.3854738175868988,0.4031687080860138,Latency
conv4,QConv2D,6912,3456,0.5,-0.49737560749053955,0.3781852424144745,Latency
output_dense,QDense,32,32,0.0,-0.456448495388031,0.5403355360031128,Latency
