{
  "accuracy": 0.6092436974789915,
  "balanced_accuracy": 0.6092436974789917,
  "bce_loss": 0.6629252433776855,
  "benign_log_loss": 0.6956880644517106,
  "benign_mean_score": 0.5002238750457764,
  "brier_score": 0.2350199563613152,
  "candidate": "cnn_small_hls_opt_img512",
  "confusion_matrix": [
    [
      59,
      60
    ],
    [
      33,
      86
    ]
  ],
  "ece": 0.07449874707630703,
  "f1": 0.6490566037735849,
  "folds": [
    0,
    1,
    2,
    3,
    4
  ],
  "log_loss": 0.6629253016578666,
  "mcc": 0.22433808401173966,
  "optimal_accuracy": 0.7016806722689075,
  "optimal_f1": 0.6432160804020101,
  "optimal_threshold": 0.5350984334945679,
  "pr_auc": 0.7853503341838394,
  "precision": 0.589041095890411,
  "recall": 0.7226890756302521,
  "roc_auc": 0.735223501165172,
  "stage": "qat",
  "standalone_log_loss": 0.6301625388640227,
  "standalone_mean_score": 0.5340461730957031
}