fold,final_epoch,val_roc_auc,val_accuracy,val_optimal_accuracy,val_optimal_f1,val_optimal_threshold,val_bce_loss
0,300,0.6675347222222223,0.6041666666666666,0.6666666666666666,0.68,0.5039061903953552,0.6793128300729842
1,300,0.5668402777777778,0.5416666666666666,0.5833333333333334,0.5,0.46490156650543213,0.690283933504403
2,300,0.5677083333333334,0.5208333333333334,0.5833333333333334,0.6551724137931034,0.4765796363353729,0.6891587743997537
3,300,0.6603260869565217,0.574468085106383,0.6595744680851063,0.7037037037037037,0.47268348932266235,0.6754151756688211
4,300,0.6612318840579711,0.5957446808510638,0.6595744680851063,0.5555555555555556,0.5774953365325928,0.6672447487528061
