layer,class,n_weights,n_nonzero_weights,zero_fraction,min,max,suggested_hls_strategy
conv0,QConv2D,200,200,0.0,-0.3673415780067444,0.3666152358055115,Latency
conv1,QConv2D,1152,1152,0.0,-0.23714886605739594,0.26283469796180725,Latency
conv2,QConv2D,3456,3456,0.0,-0.19085273146629333,0.19734814763069153,Latency
conv3,QConv2D,5184,5184,0.0,-0.16358011960983276,0.1661156862974167,Resource
output_dense,QDense,24,24,0.0,-0.3448350727558136,0.34139615297317505,Latency
