fold,final_epoch,val_roc_auc,val_accuracy,val_optimal_accuracy,val_optimal_f1,val_optimal_threshold,val_bce_loss
0,300,0.8975694444444445,0.8125,0.8333333333333334,0.8571428571428571,0.5019073486328125,0.6527228902626016
1,300,0.8559027777777778,0.7708333333333334,0.8125,0.7692307692307693,0.5222173929214478,0.6539990455816564
2,300,0.8680555555555556,0.7708333333333334,0.8125,0.7692307692307693,0.4948274493217468,0.6494777939760393
3,300,0.9039855072463768,0.7872340425531915,0.851063829787234,0.8372093023255814,0.4844410717487335,0.650703382963811
4,300,0.9347826086956521,0.8085106382978723,0.851063829787234,0.8372093023255814,0.5173118114471436,0.6537005526879766
