fold,final_epoch,val_roc_auc,val_accuracy,val_optimal_accuracy,val_optimal_f1,val_optimal_threshold,val_bce_loss
0,300,0.822048611111111,0.5,0.7916666666666666,0.8148148148148148,0.5184242725372314,0.6836838850087407
1,300,0.7482638888888888,0.5,0.7291666666666666,0.7636363636363637,0.5115945935249329,0.6909261530940422
2,300,0.548611111111111,0.5,0.6041666666666666,0.45714285714285713,0.5145222544670105,0.6931250202252355
3,300,0.8623188405797101,0.5106382978723404,0.851063829787234,0.8444444444444444,0.43578144907951355,0.6907132979985021
4,300,0.8360507246376812,0.48936170212765956,0.7872340425531915,0.782608695652174,0.48425814509391785,0.6892859138064548
