{
  "accuracy": 0.7310924369747899,
  "balanced_accuracy": 0.73109243697479,
  "bce_loss": 0.6535910964012146,
  "benign_log_loss": 0.6806180468485858,
  "benign_mean_score": 0.492741197347641,
  "brier_score": 0.23037717324824092,
  "candidate": "cnn_small_hls_opt_img256",
  "confusion_matrix": [
    [
      62,
      57
    ],
    [
      7,
      112
    ]
  ],
  "ece": 0.20226447271699666,
  "f1": 0.7777777777777778,
  "folds": [
    0,
    1,
    2,
    3,
    4
  ],
  "log_loss": 0.6535911870917246,
  "mcc": 0.5093247630551774,
  "optimal_accuracy": 0.8151260504201681,
  "optimal_f1": 0.8211382113821138,
  "optimal_threshold": 0.5104050040245056,
  "pr_auc": 0.8591136123982656,
  "precision": 0.6627218934911243,
  "recall": 0.9411764705882353,
  "roc_auc": 0.8719017018572134,
  "stage": "pruned_qat",
  "standalone_log_loss": 0.6265643273348633,
  "standalone_mean_score": 0.5353788137435913
}