{
  "accuracy": 0.7521008403361344,
  "balanced_accuracy": 0.7521008403361344,
  "bce_loss": 0.6404899954795837,
  "benign_log_loss": 0.5927800390497588,
  "benign_mean_score": 0.4463941752910614,
  "brier_score": 0.223856186901223,
  "candidate": "cnn_small_hls_opt_img512",
  "confusion_matrix": [
    [
      114,
      5
    ],
    [
      54,
      65
    ]
  ],
  "ece": 0.2101170237825698,
  "f1": 0.6878306878306878,
  "folds": [
    0,
    1,
    2,
    3,
    4
  ],
  "log_loss": 0.6404900631270943,
  "mcc": 0.5532833351724881,
  "optimal_accuracy": 0.7941176470588235,
  "optimal_f1": 0.7562189054726368,
  "optimal_threshold": 0.48852741718292236,
  "pr_auc": 0.8983903270719538,
  "precision": 0.9285714285714286,
  "recall": 0.5462184873949579,
  "roc_auc": 0.890720994280065,
  "stage": "qat",
  "standalone_log_loss": 0.6882000872044297,
  "standalone_mean_score": 0.5036247372627258
}