{
  "accuracy": 0.8109243697478992,
  "balanced_accuracy": 0.8109243697478992,
  "bce_loss": 0.4131866991519928,
  "benign_log_loss": 0.32713846829049514,
  "benign_mean_score": 0.2655722498893738,
  "brier_score": 0.12866537031864506,
  "candidate": "cnn_small_hls_opt_img256",
  "confusion_matrix": [
    [
      112,
      7
    ],
    [
      38,
      81
    ]
  ],
  "ece": 0.15443490315698274,
  "f1": 0.782608695652174,
  "folds": [
    0,
    1,
    2,
    3,
    4
  ],
  "log_loss": 0.41318670757836484,
  "mcc": 0.644087327036082,
  "optimal_accuracy": 0.8781512605042017,
  "optimal_f1": 0.8744588744588745,
  "optimal_threshold": 0.4251278340816498,
  "pr_auc": 0.9463337174359951,
  "precision": 0.9204545454545454,
  "recall": 0.680672268907563,
  "roc_auc": 0.943012499117294,
  "stage": "qat",
  "standalone_log_loss": 0.49923494686623454,
  "standalone_mean_score": 0.6402857303619385
}