fold,final_epoch,val_roc_auc,val_accuracy,val_optimal_accuracy,val_optimal_f1,val_optimal_threshold,val_bce_loss
0,300,0.9913194444444444,0.9375,0.9583333333333334,0.9583333333333334,0.44497454166412354,0.41168678846462464
1,300,0.9756944444444444,0.8958333333333334,0.9166666666666666,0.92,0.5372353196144104,0.38272171572061414
2,300,0.9930555555555555,0.9166666666666666,0.9583333333333334,0.9583333333333334,0.44872820377349854,0.3041389327962141
3,300,0.9710144927536232,0.9148936170212766,0.9361702127659575,0.9361702127659575,0.48160669207572937,0.4374914574863882
4,300,0.9746376811594203,0.8936170212765957,0.9148936170212766,0.9130434782608695,0.5522373914718628,0.3859891562338749
