layer,class,n_weights,n_nonzero_weights,zero_fraction,min,max,suggested_hls_strategy
conv0,QConv2D,200,200,0.0,-0.3254151940345764,0.4026780426502228,Latency
conv1,QConv2D,1152,1152,0.0,-0.2750697135925293,0.3175639808177948,Latency
conv2,QConv2D,3456,3456,0.0,-0.23389503359794617,0.24317561089992523,Latency
conv3,QConv2D,5184,5184,0.0,-0.24249538779258728,0.20319491624832153,Resource
output_dense,QDense,24,24,0.0,-0.4030809998512268,0.43092456459999084,Latency
