fold,final_epoch,val_roc_auc,val_accuracy,val_optimal_accuracy,val_optimal_f1,val_optimal_threshold,val_bce_loss
0,300,0.4210069444444444,0.3958333333333333,0.5,0.52,0.5156199336051941,0.7027271548303698
1,300,0.2769097222222222,0.3958333333333333,0.5,0.6666666666666666,0.4073334038257599,0.7420973407262572
2,300,0.5,0.5,0.5416666666666666,0.47619047619047616,0.5467381477355957,0.7038929995497019
3,300,0.7164855072463768,0.574468085106383,0.7021276595744681,0.6666666666666666,0.5156199336051941,0.6824980631501051
4,300,0.4855072463768116,0.46808510638297873,0.574468085106383,0.6774193548387096,0.4532618522644043,0.7039045361604483
