layer,class,n_weights,n_nonzero_weights,zero_fraction,min,max,suggested_hls_strategy
conv0,QConv2D,200,200,0.0,-0.43233099579811096,0.46902406215667725,Latency
conv1,QConv2D,1152,1152,0.0,-0.5991196632385254,0.6194171905517578,Latency
conv2,QConv2D,3456,3456,0.0,-0.5248863101005554,0.5259069204330444,Latency
conv3,QConv2D,5184,5184,0.0,-0.4763841927051544,0.47177737951278687,Resource
output_dense,QDense,24,24,0.0,-0.420554518699646,0.4499188959598541,Latency
