fold,final_epoch,val_roc_auc,val_accuracy,val_optimal_accuracy,val_optimal_f1,val_optimal_threshold,val_bce_loss
0,300,0.7743055555555557,0.7083333333333334,0.75,0.7142857142857143,0.5585678219795227,0.6205825254711584
1,300,0.763888888888889,0.7291666666666666,0.75,0.7,0.5346125364303589,0.5921705777319796
2,300,0.84375,0.75,0.7916666666666666,0.8,0.6311397552490234,0.5465025281204502
3,300,0.7545289855072463,0.6170212765957447,0.6808510638297872,0.7540983606557377,0.28517284989356995,0.5869053104877975
4,300,0.894927536231884,0.7659574468085106,0.8297872340425532,0.84,0.5518152713775635,0.44476109893861054
