layer,class,n_weights,n_nonzero_weights,zero_fraction,min,max,suggested_hls_strategy
conv0,QConv2D,200,200,0.0,-0.3842774033546448,0.3853282034397125,Latency
conv1,QConv2D,1152,1152,0.0,-0.29351940751075745,0.32301345467567444,Latency
conv2,QConv2D,3456,3456,0.0,-0.2472304254770279,0.2413026988506317,Latency
conv3,QConv2D,5184,5184,0.0,-0.22209620475769043,0.25000086426734924,Resource
conv4,QConv2D,6912,6912,0.0,-0.20626260340213776,0.2316780984401703,Resource
output_dense,QDense,32,32,0.0,-0.35675111413002014,0.4575442373752594,Latency
