fold,final_epoch,val_roc_auc,val_accuracy,val_optimal_accuracy,val_optimal_f1,val_optimal_threshold,val_bce_loss
0,300,1.0,0.9791666666666666,1.0,1.0,0.4383961260318756,0.03416087838925196
1,300,1.0,0.9791666666666666,1.0,1.0,0.28209829330444336,0.03743962623611811
2,300,1.0,0.9791666666666666,1.0,1.0,0.7529717683792114,0.05789793378904832
3,300,0.9981884057971014,0.9148936170212766,0.9787234042553191,0.9787234042553191,0.047969188541173935,0.18787997702813314
4,300,1.0,0.9787234042553191,1.0,1.0,0.48399269580841064,0.06809394362404297
