layer,class,n_weights,n_nonzero_weights,zero_fraction,min,max,suggested_hls_strategy
conv0,Conv2D,200,200,0.0,-0.329884797334671,0.3894651532173157,Latency
conv1,Conv2D,1152,1152,0.0,-0.23962628841400146,0.2987392246723175,Latency
conv2,Conv2D,3456,3456,0.0,-0.25334632396698,0.2389395385980606,Latency
conv3,Conv2D,5184,5184,0.0,-0.18637536466121674,0.3057957589626312,Resource
conv4,Conv2D,6912,6912,0.0,-0.17766626179218292,0.22904124855995178,Resource
conv5,Conv2D,9216,9216,0.0,-0.20807288587093353,0.21025533974170685,Resource
output_dense,Dense,32,32,0.0,-0.3241643011569977,0.37753555178642273,Latency
