layer,class,n_weights,n_nonzero_weights,zero_fraction,min,max,suggested_hls_strategy
conv0,QConv2D,200,100,0.5,-0.32493576407432556,0.3913765251636505,Latency
conv1,QConv2D,1152,576,0.5,-0.34707510471343994,0.307719886302948,Latency
conv2,QConv2D,3456,1728,0.5,-0.31886520981788635,0.2704731822013855,Latency
conv3,QConv2D,5184,2592,0.5,-0.2012542188167572,0.20999367535114288,Latency
conv4,QConv2D,6912,3456,0.5,-0.20358029007911682,0.2056443989276886,Latency
output_dense,QDense,32,32,0.0,-0.33809882402420044,0.371695339679718,Latency
