{
  "accuracy": 0.9621848739495799,
  "balanced_accuracy": 0.9621848739495797,
  "bce_loss": 0.16809800267219543,
  "benign_log_loss": 0.13039561752243078,
  "benign_mean_score": 0.1004033163189888,
  "brier_score": 0.04593471221222686,
  "candidate": "cnn_small_hls_opt_img2048",
  "confusion_matrix": [
    [
      116,
      3
    ],
    [
      6,
      113
    ]
  ],
  "ece": 0.07119928490558342,
  "f1": 0.9617021276595744,
  "folds": [
    0,
    1,
    2,
    3,
    4
  ],
  "log_loss": 0.16809799823569366,
  "mcc": 0.924663628816244,
  "optimal_accuracy": 0.9663865546218487,
  "optimal_f1": 0.9661016949152542,
  "optimal_threshold": 0.49181345105171204,
  "pr_auc": 0.9885466350657311,
  "precision": 0.9741379310344828,
  "recall": 0.9495798319327731,
  "roc_auc": 0.9888425958618741,
  "stage": "pruned_qat",
  "standalone_log_loss": 0.20580037894895645,
  "standalone_mean_score": 0.8504461646080017
}