fold,final_epoch,val_roc_auc,val_accuracy,val_optimal_accuracy,val_optimal_f1,val_optimal_threshold,val_bce_loss
0,300,0.8836805555555556,0.7916666666666666,0.8333333333333334,0.8260869565217391,0.5462540984153748,0.4809307147803146
1,300,0.9097222222222222,0.7708333333333334,0.8541666666666666,0.8571428571428571,0.6240644454956055,0.43539704163298915
2,300,0.892361111111111,0.8125,0.8541666666666666,0.8444444444444444,0.6301161050796509,0.43383972915090824
3,300,0.9184782608695652,0.851063829787234,0.8723404255319149,0.85,0.4616841673851013,0.3964648351778646
4,300,0.9202898550724637,0.7872340425531915,0.8297872340425532,0.8,0.7901257276535034,0.39868394206913094
