layer,class,n_weights,n_nonzero_weights,zero_fraction,min,max,suggested_hls_strategy
conv0,QConv2D,200,200,0.0,-0.3690524101257324,0.4057658314704895,Latency
conv1,QConv2D,1152,1152,0.0,-0.2575346827507019,0.3268634080886841,Latency
conv2,QConv2D,3456,3456,0.0,-0.24062030017375946,0.2757618725299835,Latency
conv3,QConv2D,5184,5184,0.0,-0.17518393695354462,0.19809040427207947,Resource
conv4,QConv2D,6912,6912,0.0,-0.17218725383281708,0.18402080237865448,Resource
output_dense,QDense,32,32,0.0,-0.3354780972003937,0.374606728553772,Latency
