{
  "accuracy": 0.6638655462184874,
  "balanced_accuracy": 0.6638655462184874,
  "bce_loss": 0.6595661044120789,
  "benign_log_loss": 0.708092722753072,
  "benign_mean_score": 0.506145715713501,
  "brier_score": 0.23331372587927926,
  "candidate": "cnn_small_hls_opt_img512",
  "confusion_matrix": [
    [
      46,
      73
    ],
    [
      7,
      112
    ]
  ],
  "ece": 0.12707668473991027,
  "f1": 0.7368421052631579,
  "folds": [
    0,
    1,
    2,
    3,
    4
  ],
  "log_loss": 0.6595661097271862,
  "mcc": 0.3938590309450981,
  "optimal_accuracy": 0.726890756302521,
  "optimal_f1": 0.7547169811320755,
  "optimal_threshold": 0.5131805539131165,
  "pr_auc": 0.7867399029105794,
  "precision": 0.6054054054054054,
  "recall": 0.9411764705882353,
  "roc_auc": 0.7866676082197586,
  "stage": "qat",
  "standalone_log_loss": 0.6110394967013002,
  "standalone_mean_score": 0.5435698628425598
}