fold,final_epoch,val_roc_auc,val_accuracy,val_optimal_accuracy,val_optimal_f1,val_optimal_threshold,val_bce_loss
0,300,0.7621527777777777,0.5625,0.75,0.7,0.7574766874313354,0.6346106333661256
1,300,0.7743055555555556,0.7083333333333334,0.75,0.7272727272727273,0.463159441947937,0.610859519604339
2,300,0.8767361111111112,0.7916666666666666,0.8125,0.8163265306122449,0.5967618823051453,0.4907211343440066
3,300,0.7952898550724637,0.7021276595744681,0.8085106382978723,0.7804878048780488,0.4294639527797699,0.5789969738258286
4,300,0.8315217391304348,0.7446808510638298,0.7659574468085106,0.7555555555555555,0.7077694535255432,0.5097095348871863
