layer,class,n_weights,n_nonzero_weights,zero_fraction,min,max,suggested_hls_strategy
conv0,Conv2D,200,200,0.0,-0.38137906789779663,0.3898930549621582,Latency
conv1,Conv2D,1152,1152,0.0,-0.33384403586387634,0.388435035943985,Latency
conv2,Conv2D,3456,3456,0.0,-0.25166988372802734,0.2935452163219452,Latency
conv3,Conv2D,5184,5184,0.0,-0.2789103090763092,0.25757619738578796,Resource
conv4,Conv2D,6912,6912,0.0,-0.287978857755661,0.2572871744632721,Resource
output_dense,Dense,32,32,0.0,-0.423033744096756,0.5168080925941467,Latency
