{
  "accuracy": 0.7521008403361344,
  "balanced_accuracy": 0.7521008403361344,
  "bce_loss": 0.5873046517372131,
  "benign_log_loss": 0.5785469215935924,
  "benign_mean_score": 0.4326570928096771,
  "brier_score": 0.19896492324541032,
  "candidate": "cnn_small_hls_opt_img128",
  "confusion_matrix": [
    [
      87,
      32
    ],
    [
      27,
      92
    ]
  ],
  "ece": 0.16517694770288066,
  "f1": 0.757201646090535,
  "folds": [
    0,
    1,
    2,
    3,
    4
  ],
  "log_loss": 0.5873046147029792,
  "mcc": 0.5046473326893667,
  "optimal_accuracy": 0.8067226890756303,
  "optimal_f1": 0.7850467289719626,
  "optimal_threshold": 0.5293850302696228,
  "pr_auc": 0.8729121816222734,
  "precision": 0.7419354838709677,
  "recall": 0.773109243697479,
  "roc_auc": 0.8497281265447356,
  "stage": "qat",
  "standalone_log_loss": 0.5960623078123662,
  "standalone_mean_score": 0.5592243671417236
}