{
  "accuracy": 0.7352941176470589,
  "balanced_accuracy": 0.7352941176470589,
  "bce_loss": 0.5838518738746643,
  "benign_log_loss": 0.5594912842353277,
  "benign_mean_score": 0.41076764464378357,
  "brier_score": 0.19875140492056553,
  "candidate": "cnn_small_hls_opt_img64",
  "confusion_matrix": [
    [
      92,
      27
    ],
    [
      36,
      83
    ]
  ],
  "ece": 0.10270769374460732,
  "f1": 0.7248908296943232,
  "folds": [
    0,
    1,
    2,
    3,
    4
  ],
  "log_loss": 0.5838518352705543,
  "mcc": 0.47193990372426947,
  "optimal_accuracy": 0.7521008403361344,
  "optimal_f1": 0.7354260089686099,
  "optimal_threshold": 0.5109474658966064,
  "pr_auc": 0.7781053027189213,
  "precision": 0.7545454545454545,
  "recall": 0.6974789915966386,
  "roc_auc": 0.78031212484994,
  "stage": "float",
  "standalone_log_loss": 0.6082123863057808,
  "standalone_mean_score": 0.5654739141464233
}