{
  "accuracy": 0.8025210084033614,
  "balanced_accuracy": 0.8025210084033614,
  "bce_loss": 0.5176916122436523,
  "benign_log_loss": 0.605362025188897,
  "benign_mean_score": 0.4442538321018219,
  "brier_score": 0.16709551515122545,
  "candidate": "cnn_small_hls_opt_img256",
  "confusion_matrix": [
    [
      79,
      40
    ],
    [
      7,
      112
    ]
  ],
  "ece": 0.22929428383207123,
  "f1": 0.8265682656826568,
  "folds": [
    0,
    1,
    2,
    3,
    4
  ],
  "log_loss": 0.5176916323447498,
  "mcc": 0.6297402856871877,
  "optimal_accuracy": 0.8781512605042017,
  "optimal_f1": 0.8776371308016878,
  "optimal_threshold": 0.5506979823112488,
  "pr_auc": 0.9390617622480009,
  "precision": 0.7368421052631579,
  "recall": 0.9411764705882353,
  "roc_auc": 0.9353859190735118,
  "stage": "qat",
  "standalone_log_loss": 0.43002123950060256,
  "standalone_mean_score": 0.6577149033546448
}