fold,final_epoch,val_roc_auc,val_accuracy,val_optimal_accuracy,val_optimal_f1,val_optimal_threshold,val_bce_loss
0,300,0.5,0.5,0.5,0.6666666666666666,0.5,0.6931471805599453
1,300,0.6154513888888888,0.5,0.6041666666666666,0.42424242424242425,0.43782350420951843,0.7076968831391518
2,300,0.4991319444444444,0.5208333333333334,0.5208333333333334,0.676056338028169,0.5,0.6933098351230473
3,300,0.5217391304347826,0.48936170212765956,0.5531914893617021,0.631578947368421,0.3486451208591461,0.7315467098417786
4,300,0.5624999999999999,0.5106382978723404,0.574468085106383,0.6551724137931034,0.3775406777858734,0.6955349201925011
