layer,class,n_weights,n_nonzero_weights,zero_fraction,min,max,suggested_hls_strategy
conv0,QConv2D,200,200,0.0,-0.34649813175201416,0.3447156846523285,Latency
conv1,QConv2D,1152,1152,0.0,-0.2723761796951294,0.25688546895980835,Latency
conv2,QConv2D,3456,3456,0.0,-0.20495331287384033,0.2104392647743225,Latency
conv3,QConv2D,5184,5184,0.0,-0.466820627450943,0.46174320578575134,Resource
conv4,QConv2D,6912,6912,0.0,-0.4571163058280945,0.46974924206733704,Resource
output_dense,QDense,32,32,0.0,-0.34750035405158997,0.2949710488319397,Latency
