fold,final_epoch,val_roc_auc,val_accuracy,val_optimal_accuracy,val_optimal_f1,val_optimal_threshold,val_bce_loss
0,300,0.9453125,0.8541666666666666,0.8958333333333334,0.8979591836734694,0.5207400321960449,0.6268904539581762
1,300,0.9331597222222221,0.5625,0.8958333333333334,0.8888888888888888,0.45084288716316223,0.6419578458594176
2,300,0.9305555555555556,0.5,0.9166666666666666,0.9090909090909091,0.8156733512878418,0.8248488833518288
3,300,0.9293478260869564,0.9148936170212766,0.9148936170212766,0.9090909090909091,0.4938967823982239,0.6141024766572548
4,300,0.9311594202898551,0.6595744680851063,0.8936170212765957,0.8979591836734694,0.4709799289703369,0.6569260849932345
