layer,class,n_weights,n_nonzero_weights,zero_fraction,min,max,suggested_hls_strategy
conv0,QConv2D,200,200,0.0,-0.37800952792167664,0.40619203448295593,Latency
conv1,QConv2D,1152,1152,0.0,-0.27863746881484985,0.2897406816482544,Latency
conv2,QConv2D,3456,3456,0.0,-0.19310346245765686,0.21945616602897644,Latency
conv3,QConv2D,5184,5184,0.0,-0.16247618198394775,0.16723595559597015,Resource
output_dense,QDense,24,24,0.0,-0.3652133047580719,0.3496873378753662,Latency
